# Blender 5.1.1
# www.blender.org
mtllib jezenk.mtl
o ježenk
v 0.000000 5.524218 1.016215
v 0.000000 5.552740 0.405426
v 0.000000 5.511943 -0.261237
v 0.000000 5.324124 -0.897456
v 0.000000 4.967717 -1.397592
v 0.000000 3.188115 -2.267790
v 0.000000 0.241626 -2.797616
v 0.000000 -1.583990 2.287896
v 0.000000 -0.301801 2.375948
v 0.000000 0.403921 2.184769
v 0.000000 0.930964 2.058053
v 0.000000 1.201006 1.971405
v 0.000000 1.512742 2.011049
v 0.000000 1.603080 2.130083
v 0.000000 2.703760 3.885861
v 0.000000 2.504376 3.789823
v 0.000000 2.924896 3.938533
v 0.000000 4.008742 2.848164
v 0.000000 -2.510778 0.558483
v 0.000000 -2.317384 1.576369
v 0.000000 -2.025684 2.015771
v 0.000000 2.331298 3.674795
v 0.000000 1.661030 2.294714
v 0.000000 3.948774 -2.032338
v 0.000000 4.532326 -1.737989
v 0.000000 2.272857 -2.517790
v 0.000000 1.277664 -2.799350
v 0.000000 -1.499545 -2.398836
v 0.000000 -2.192354 -1.972674
v 0.000000 -0.915121 2.458087
v 0.000000 3.224169 3.846421
v 0.000000 3.566559 3.385109
v 0.000000 4.925346 2.155286
v 0.000000 4.492629 2.469625
v 0.000000 5.256503 1.857174
v 0.000000 5.448658 1.503691
v 0.000000 2.172482 3.523978
v 0.000000 2.007192 3.285378
v 0.000000 1.770678 2.715434
v 2.987196 -1.926230 2.134056
v 2.987710 1.674999 1.361498
v 2.865874 1.077835 1.508613
v 2.835546 1.649724 1.582846
v 2.372737 3.394279 1.522846
v 2.615013 0.275714 0.626265
v 2.502599 4.766731 0.993210
v 2.273375 5.100764 1.046655
v 2.206298 5.159863 0.632722
v 2.643617 1.894030 0.379183
v 2.498078 4.765187 0.520451
v 1.759594 2.107023 1.986068
v 1.960364 0.478823 1.480569
v 1.839926 1.369530 1.482062
v 1.630502 5.114991 0.619345
v 0.949821 4.455945 2.039616
v 0.483054 3.043071 3.661687
v 0.296418 2.211943 3.508088
v 1.905885 -1.389561 -1.597536
v 0.813109 5.415735 -0.144475
v 2.918300 -1.935785 2.212076
v 2.806460 -1.630677 1.736366
v 2.636908 -1.572954 1.833710
v 3.031322 -2.235503 1.970875
v 2.977682 -2.294770 2.014371
v 2.832882 -2.382209 2.081386
v 2.158747 -1.816067 2.189481
v 2.052335 -2.344705 1.639052
v 1.361242 -1.245873 2.266186
v 0.777097 -0.903529 2.400406
v 0.760568 -0.340818 2.285751
v 1.392713 -0.377561 2.121582
v 1.767400 -0.936904 2.112822
v 2.622902 1.203653 0.752901
v 2.695278 0.923052 0.845266
v 3.082291 1.533198 1.347370
v 3.034641 1.524587 1.523603
v 2.931249 1.707515 1.511623
v 2.994095 1.026864 1.459616
v 2.890216 1.257739 1.561354
v 3.055902 1.272795 1.503596
v 2.874334 1.497244 1.593682
v 2.484566 2.974217 1.532482
v 2.082635 2.905383 1.927826
v 1.993875 3.494115 1.833491
v 2.286580 3.952298 1.330941
v 2.538525 3.723729 1.118589
v 2.711042 3.067429 1.115866
v 2.642362 0.637971 0.964762
v 2.626141 0.808883 0.468463
v 2.649555 4.764821 0.941021
v 2.494798 4.417153 0.997306
v 2.335441 4.582878 1.023596
v 2.446452 4.980871 0.988330
v 2.571472 5.075792 0.904572
v 2.183717 4.816162 1.025176
v 2.051149 5.033919 1.078315
v 2.296479 5.243572 0.988174
v 1.914210 5.208432 1.031359
v 2.394118 4.991212 0.552196
v 2.572647 5.128269 0.705905
v 2.287029 5.297254 0.752522
v 1.890947 5.187557 0.767987
v 1.876902 5.018433 0.637248
v 2.586888 2.083831 0.929099
v 2.715881 2.497460 1.037075
v 2.770329 2.501404 0.542312
v 2.554010 1.618020 0.628583
v 2.492158 1.851420 0.945691
v 2.703753 2.598344 -0.034138
v 2.608750 1.992359 -0.276740
v 2.372655 4.419271 0.486390
v 2.583191 4.323366 0.668411
v 2.676343 4.791440 0.662429
v 1.526326 2.142046 2.259729
v 1.632944 2.426173 2.316952
v 2.059510 2.395300 1.896911
v 2.069786 2.033725 1.654058
v 1.608393 1.816254 1.829957
v 1.361999 1.914484 2.159686
v 2.353523 0.780962 1.308617
v 2.498676 0.621818 1.217660
v 2.335049 0.374804 1.179033
v 1.875511 0.992419 1.447567
v 2.236579 1.058574 1.355389
v 1.351687 0.414533 1.863394
v 1.299231 0.923181 1.781597
v 1.222186 1.241163 1.780679
v 2.262504 1.375594 1.417096
v 2.219292 1.696373 1.424034
v 2.430616 1.671547 1.469411
v 1.521874 5.138256 0.755975
v 0.930850 5.397817 0.806849
v 0.977240 5.414007 0.344519
v 1.505840 5.193991 0.117475
v 1.358925 4.546350 1.706473
v 1.627571 4.035228 1.859770
v 1.057653 3.918097 2.313839
v 0.466091 4.314136 2.366481
v 0.564019 4.822128 1.986014
v 1.139392 4.915051 1.566941
v 0.477388 2.873895 3.684929
v 0.293213 2.891716 3.829082
v 0.332224 3.108213 3.769753
v 0.694585 3.114502 3.334482
v 0.798891 2.823671 3.301025
v 0.481248 3.359466 3.381934
v 0.301750 2.331359 3.608950
v 0.459776 2.276030 3.479725
v 0.391681 2.129151 3.369817
v 0.236305 2.049783 3.317466
v 0.176913 2.188476 3.519940
v 0.156201 2.336015 3.659940
v 2.423334 -0.945451 -1.250836
v 1.023398 -1.427159 -2.241143
v 0.907474 -2.200596 -1.578662
v 1.496586 -2.271088 -1.212101
v 1.069116 5.260845 -0.472775
v 0.343656 5.485612 -0.227958
v 0.485433 5.303408 -0.798847
v 0.255116 5.533457 0.391717
v 0.253366 5.505766 0.965434
v 0.554022 4.952240 -1.268346
v 0.618177 3.891265 -1.908530
v 0.635671 4.494859 -1.606373
v 1.499001 3.754333 -1.538001
v 1.540113 4.399594 -1.230703
v 1.354623 4.913347 -0.891793
v 2.143887 4.301683 -0.624379
v 1.853966 4.860115 -0.271367
v 2.396818 4.177914 -0.025413
v 2.093556 4.760867 0.495471
v 2.564720 3.426223 -0.386701
v 2.737002 3.251719 0.151987
v 2.531434 3.985975 0.366678
v 2.191529 3.605455 -0.980141
v 2.017536 2.919219 -1.252318
v 2.474812 2.757200 -0.641991
v 1.352894 3.056595 -1.788958
v 1.270828 2.281603 -2.058805
v 1.908512 2.224116 -1.503863
v 0.599385 3.162529 -2.158309
v 0.610224 2.280948 -2.420569
v 0.677641 1.330185 -2.669988
v 1.354766 1.437450 -2.293263
v 0.816037 0.296281 -2.653376
v 0.488713 -2.490227 0.777076
v 0.972876 -2.485590 0.905881
v 1.012686 -2.283952 1.580956
v 1.256091 -2.239204 1.629312
v 1.955370 -2.342266 1.902598
v 1.947028 -2.215068 2.149791
v 2.726794 -2.321280 2.351611
v 2.034760 -2.015966 2.233205
v 2.705314 -2.189636 2.397055
v 3.086562 -2.116473 2.081053
v 3.072056 -2.189070 2.029774
v 3.018446 -1.891907 1.563785
v 2.954866 -1.963698 1.427150
v 2.858313 -2.029901 1.358328
v 2.744575 -2.108896 1.381171
v 2.405897 -2.248273 1.500815
v 1.718023 -2.478980 0.162151
v 2.436444 -2.064569 -0.309248
v 2.691510 -1.757572 -0.282355
v 2.850251 -1.454897 -0.142759
v 2.712840 -0.656818 -0.881900
v 2.921617 -1.158468 0.067538
v 2.849387 -0.424565 -0.469482
v 2.701949 0.616954 -0.658747
v 2.508150 0.565254 -1.223911
v 2.123369 0.499491 -1.760076
v 2.386328 1.432205 -1.152056
v 1.951844 1.481955 -1.741963
v 1.552641 0.335379 -2.208566
v 2.370326 2.116573 -0.897221
v 2.611008 1.356567 -0.546953
v 2.714714 0.690168 -0.050429
v 2.642709 1.275455 0.061805
v 2.591118 1.211855 0.458880
v 2.557885 1.499139 0.833230
v 2.504480 1.699001 1.047450
v 2.454341 1.773318 1.251285
v 2.379804 1.929916 1.228231
v 2.429397 2.144080 1.312446
v 2.512104 2.500490 1.461275
v 2.828029 -0.154350 0.020996
v 2.890622 -0.853262 0.367740
v 2.650197 -1.016813 1.286028
v 2.614168 -0.478576 1.032739
v 2.843669 -1.330432 0.932694
v 2.823659 -1.496574 1.169275
v 2.869402 -1.519065 0.788262
v 2.862093 -1.649753 1.072327
v 2.981920 -1.782213 1.659899
v 3.056725 -2.029926 2.129157
v 2.813222 -1.957069 2.287820
v 2.318415 -1.655606 2.073573
v 2.466583 -1.578164 1.950552
v 1.928464 -1.182284 2.049802
v 2.200182 -1.101489 1.849898
v 2.451349 -1.126780 1.610166
v 2.115127 -0.863871 1.862552
v 2.421208 -0.903239 1.568317
v 2.647705 -1.230887 1.387796
v 1.967440 -0.306292 1.765031
v 2.338682 -0.383588 1.418004
v 1.606171 -1.432741 2.171694
v 1.404066 -1.763669 2.106653
v 1.144187 -1.692393 2.167578
v 0.590142 -1.614909 2.263525
v 0.705738 0.397962 2.102222
v 0.609484 1.192106 1.923282
v 0.653203 0.922102 1.995507
v 0.565724 1.525997 1.965133
v 0.151875 2.909761 3.906694
v 0.144575 2.702434 3.858236
v 0.178799 3.179661 3.840191
v 0.218966 3.501866 3.392566
v 0.314990 3.841659 2.775963
v 0.416146 5.240693 1.707416
v 1.032647 5.168145 1.367360
v 0.325171 5.421124 1.410160
v 0.976606 5.309861 1.120412
v 1.529899 5.111814 0.901053
v 1.567763 5.085473 1.016106
v 1.675128 4.956729 1.137463
v 1.867779 5.197528 0.880430
v 2.301388 5.288486 0.874027
v 2.588631 5.101639 0.787068
v 2.689585 4.765169 0.803816
v 2.612231 4.348151 0.896004
v 2.599096 3.838950 0.704367
v 2.790634 3.137649 0.650797
v 1.864886 4.670469 1.169948
v 2.048713 4.285765 1.310494
v 0.501485 -2.316943 1.574162
v 0.540978 -2.031341 2.000141
v 1.053548 -2.030694 1.945343
v 1.304814 -2.027305 1.924925
v 0.735299 3.554356 2.790993
v 1.465243 3.295053 2.352915
v 1.047973 3.147436 2.809819
v 1.619410 2.810849 2.357409
v 1.190503 2.759636 2.800789
v 1.228023 2.436423 2.766709
v 0.833155 2.552250 3.267888
v 1.194431 2.183465 2.696040
v 0.811761 2.317338 3.208778
v 0.489352 2.461659 3.577919
v 0.492669 2.669176 3.648563
v 0.300182 2.503530 3.713226
v 0.293776 2.696966 3.790797
v 0.147983 2.505211 3.769474
v 0.390917 1.834506 2.810529
v 0.521251 1.708751 2.327597
v 0.622009 1.962492 2.969460
v 0.899444 1.830543 2.452571
v 1.037240 1.732504 2.115221
v 0.553332 1.631452 2.098296
v 0.745938 2.121901 3.110617
v 1.097977 1.988464 2.584122
v 1.112653 1.591624 1.912096
v 2.734114 -2.399079 2.242792
v 2.806027 1.520528 1.079552
v 3.155047 1.274233 1.329601
v 2.915427 0.981232 1.040647
v 2.746181 1.700709 1.199139
v 3.130807 1.053366 1.301417
v 3.052933 1.002506 1.410114
v 2.604180 0.921833 1.402171
v 2.552199 1.156389 1.460821
v 2.556013 1.444536 1.529197
v 2.870860 1.239644 1.022069
v 2.627438 1.677953 1.544143
v 2.686184 1.786233 1.377915
v 2.746435 0.800496 1.363218
v 2.877233 0.774309 1.111873
v 2.056391 1.354432 1.395927
v 2.407705 0.539382 1.183813
v 2.582057 1.201613 0.620840
v 2.065669 1.034985 1.361034
v 2.528661 1.529876 0.735101
v 2.619236 0.883827 0.671134
v 2.466985 1.743584 0.982949
v 2.581690 0.523926 0.783309
v 2.310989 1.657084 1.432982
v 2.147897 0.659419 1.337060
v 2.382293 1.821736 1.213058
v 2.938298 -1.783652 1.340144
v 2.116786 -1.464132 1.983225
v 2.896672 -1.661863 1.435179
v 1.631636 -2.225230 1.736176
v 1.662713 -2.095213 1.985823
v 2.312372 -1.383857 1.840902
v 2.520334 -1.403756 1.686100
v 2.708991 -1.484100 1.556480
v 1.638624 -2.293282 1.328364
v 2.869109 -1.850614 1.181081
v 1.894799 -1.663399 2.092438
v 2.766187 -1.930599 1.108769
v 2.201985 -2.175317 1.224918
v 1.749859 -1.907586 2.098742
v 2.635757 -2.023759 1.127053
v 2.731145 -2.414313 2.121346
v 2.657158 -2.042502 2.378268
v 2.727823 -1.993834 2.342309
v 3.047870 -1.910371 1.903892
v 2.635827 -2.336814 1.800688
v 3.081033 -2.010873 1.825259
v 2.363801 -2.310006 2.307789
v 2.916881 -1.778550 1.955512
v 2.870763 -2.226078 1.708018
v 3.040352 -2.097555 1.738088
v 2.380982 -2.418771 2.089269
v 2.963921 -2.160683 1.689106
v 2.648061 -1.757084 2.135352
v 2.787734 -1.742836 2.040784
v 2.387971 -2.116172 2.364813
v 2.444975 -2.404674 1.906855
v 2.432334 -1.933928 2.313334
v 2.531181 -1.816656 2.225797
v 1.248160 -2.423221 1.084301
v 2.550119 -2.062213 0.610688
v 2.571105 -2.026576 0.877314
v 2.032063 -2.293272 0.904378
v 1.911384 -2.383994 0.693895
v 2.716958 -1.889723 0.858613
v 2.725108 -1.877864 0.598480
v 2.815474 -1.737517 0.947275
v 2.838173 -1.658379 0.687730
v 2.910578 -2.342843 2.046853
v 2.139394 -2.324347 -0.123173
v 1.713349 -2.032284 -1.397971
v 0.000000 -1.862727 -2.230657
v 2.596392 -2.179467 1.430600
v 1.000188 -1.907261 -2.013481
v 2.443794 -2.105747 1.163123
v 2.764833 -2.282276 1.746099
v 2.338908 -2.168916 0.890734
v 2.273968 -2.244309 0.653721
v 3.000181 -2.082340 2.249235
v 2.915805 -2.125266 2.328714
v 2.836279 -2.165460 2.373120
v 2.879587 -2.289104 2.329539
v 2.971442 -2.240731 2.279060
v 3.043339 -2.182845 2.200659
v 3.033695 -2.257274 2.135445
v 2.967435 -2.316976 2.192966
v 2.879508 -2.363166 2.237261
v 1.998927 4.580899 -0.447873
v 1.757531 5.066478 0.629909
v 0.414544 5.394511 -0.513403
v 0.594846 4.723548 -1.437359
v 2.575378 4.035940 1.007297
v 1.241540 5.303998 0.230997
v 0.000000 5.418034 -0.579347
v 0.000000 4.750021 -1.567790
v 0.941113 5.338290 -0.308625
v 1.748655 5.134416 1.030149
v 1.447368 4.656471 -1.061248
v 2.192077 4.434322 1.167045
v 1.703457 5.140250 0.897338
v 1.708569 5.148031 0.769417
v 2.452044 4.202623 0.426534
v 2.024301 4.743316 1.097562
v 2.390689 4.184725 1.164123
v 2.245187 4.469390 0.235029
v 1.872520 5.002501 1.108706
v 2.591143 4.081158 0.686389
v -2.987196 -1.926230 2.134056
v -2.987710 1.674999 1.361498
v -2.865874 1.077835 1.508613
v -2.835546 1.649724 1.582846
v -2.372737 3.394279 1.522846
v -2.615013 0.275714 0.626265
v -2.502599 4.766731 0.993210
v -2.273375 5.100764 1.046655
v -2.206298 5.159863 0.632722
v -2.643617 1.894030 0.379183
v -2.498078 4.765187 0.520451
v -1.759594 2.107023 1.986068
v -1.960364 0.478823 1.480569
v -1.839926 1.369530 1.482062
v -1.630502 5.114991 0.619345
v -0.949821 4.455945 2.039616
v -0.483054 3.043071 3.661687
v -0.296418 2.211943 3.508088
v -1.905885 -1.389561 -1.597536
v -0.813109 5.415735 -0.144475
v -2.918300 -1.935785 2.212076
v -2.806460 -1.630677 1.736366
v -2.636908 -1.572954 1.833710
v -3.031322 -2.235503 1.970875
v -2.977682 -2.294770 2.014371
v -2.832882 -2.382209 2.081386
v -2.158747 -1.816067 2.189481
v -2.052335 -2.344705 1.639052
v -1.361242 -1.245873 2.266186
v -0.777097 -0.903529 2.400406
v -0.760568 -0.340818 2.285751
v -1.392713 -0.377561 2.121582
v -1.767400 -0.936904 2.112822
v -2.622902 1.203653 0.752901
v -2.695278 0.923052 0.845266
v -3.082291 1.533198 1.347370
v -3.034641 1.524587 1.523603
v -2.931249 1.707515 1.511623
v -2.994095 1.026864 1.459616
v -2.890216 1.257739 1.561354
v -3.055902 1.272795 1.503596
v -2.874334 1.497244 1.593682
v -2.484566 2.974217 1.532482
v -2.082635 2.905383 1.927826
v -1.993875 3.494115 1.833491
v -2.286580 3.952298 1.330941
v -2.538525 3.723729 1.118589
v -2.711042 3.067429 1.115866
v -2.642362 0.637971 0.964762
v -2.626141 0.808883 0.468463
v -2.649555 4.764821 0.941021
v -2.494798 4.417153 0.997306
v -2.335441 4.582878 1.023596
v -2.446452 4.980871 0.988330
v -2.571472 5.075792 0.904572
v -2.183717 4.816162 1.025176
v -2.051149 5.033919 1.078315
v -2.296479 5.243572 0.988174
v -1.914210 5.208432 1.031359
v -2.394118 4.991212 0.552196
v -2.572647 5.128269 0.705905
v -2.287029 5.297254 0.752522
v -1.890947 5.187557 0.767987
v -1.876902 5.018433 0.637248
v -2.586888 2.083831 0.929099
v -2.715881 2.497460 1.037075
v -2.770329 2.501404 0.542312
v -2.554010 1.618020 0.628583
v -2.492158 1.851420 0.945691
v -2.703753 2.598344 -0.034138
v -2.608750 1.992359 -0.276740
v -2.372655 4.419271 0.486390
v -2.583191 4.323366 0.668411
v -2.676343 4.791440 0.662429
v -1.526326 2.142046 2.259729
v -1.632944 2.426173 2.316952
v -2.059510 2.395300 1.896911
v -2.069786 2.033725 1.654058
v -1.608393 1.816254 1.829957
v -1.361999 1.914484 2.159686
v -2.353523 0.780962 1.308617
v -2.498676 0.621818 1.217660
v -2.335049 0.374804 1.179033
v -1.875511 0.992419 1.447567
v -2.236579 1.058574 1.355389
v -1.351687 0.414533 1.863394
v -1.299231 0.923181 1.781597
v -1.222186 1.241163 1.780679
v -2.262504 1.375594 1.417096
v -2.219292 1.696373 1.424034
v -2.430616 1.671547 1.469411
v -1.521874 5.138256 0.755975
v -0.930850 5.397817 0.806849
v -0.977240 5.414007 0.344519
v -1.505840 5.193991 0.117475
v -1.358925 4.546350 1.706473
v -1.627571 4.035228 1.859770
v -1.057653 3.918097 2.313839
v -0.466091 4.314136 2.366481
v -0.564019 4.822128 1.986014
v -1.139392 4.915051 1.566941
v -0.477388 2.873895 3.684929
v -0.293213 2.891716 3.829082
v -0.332224 3.108213 3.769753
v -0.694585 3.114502 3.334482
v -0.798891 2.823671 3.301025
v -0.481248 3.359466 3.381934
v -0.301750 2.331359 3.608950
v -0.459776 2.276030 3.479725
v -0.391681 2.129151 3.369817
v -0.236305 2.049783 3.317466
v -0.176913 2.188476 3.519940
v -0.156201 2.336015 3.659940
v -2.423334 -0.945451 -1.250836
v -1.023398 -1.427159 -2.241143
v -0.907474 -2.200596 -1.578662
v -1.496586 -2.271088 -1.212101
v -1.069116 5.260845 -0.472775
v -0.343656 5.485612 -0.227958
v -0.485433 5.303408 -0.798847
v -0.255116 5.533457 0.391717
v -0.253366 5.505766 0.965434
v -0.554022 4.952240 -1.268346
v -0.618177 3.891265 -1.908530
v -0.635671 4.494859 -1.606373
v -1.499001 3.754333 -1.538001
v -1.540113 4.399594 -1.230703
v -1.354623 4.913347 -0.891793
v -2.143887 4.301683 -0.624379
v -1.853966 4.860115 -0.271367
v -2.396818 4.177914 -0.025413
v -2.093556 4.760867 0.495471
v -2.564720 3.426223 -0.386701
v -2.737002 3.251719 0.151987
v -2.531434 3.985975 0.366678
v -2.191529 3.605455 -0.980141
v -2.017536 2.919219 -1.252318
v -2.474812 2.757200 -0.641991
v -1.352894 3.056595 -1.788958
v -1.270828 2.281603 -2.058805
v -1.908512 2.224116 -1.503863
v -0.599385 3.162529 -2.158309
v -0.610224 2.280948 -2.420569
v -0.677641 1.330185 -2.669988
v -1.354766 1.437450 -2.293263
v -0.816037 0.296281 -2.653376
v -0.488713 -2.490227 0.777076
v -0.972876 -2.485590 0.905881
v -1.012686 -2.283952 1.580956
v -1.256091 -2.239204 1.629312
v -1.955370 -2.342266 1.902598
v -1.947028 -2.215068 2.149791
v -2.726794 -2.321280 2.351611
v -2.034760 -2.015966 2.233205
v -2.705314 -2.189636 2.397055
v -3.086562 -2.116473 2.081053
v -3.072056 -2.189070 2.029774
v -3.018446 -1.891907 1.563785
v -2.954866 -1.963698 1.427150
v -2.858313 -2.029901 1.358328
v -2.744575 -2.108896 1.381171
v -2.405897 -2.248273 1.500815
v -1.718023 -2.478980 0.162151
v -2.436444 -2.064569 -0.309248
v -2.691510 -1.757572 -0.282355
v -2.850251 -1.454897 -0.142759
v -2.712840 -0.656818 -0.881900
v -2.921617 -1.158468 0.067538
v -2.849387 -0.424565 -0.469482
v -2.701949 0.616954 -0.658747
v -2.508150 0.565254 -1.223911
v -2.123369 0.499491 -1.760076
v -2.386328 1.432205 -1.152056
v -1.951844 1.481955 -1.741963
v -1.552641 0.335379 -2.208566
v -2.370326 2.116573 -0.897221
v -2.611008 1.356567 -0.546953
v -2.714714 0.690168 -0.050429
v -2.642709 1.275455 0.061805
v -2.591118 1.211855 0.458880
v -2.557885 1.499139 0.833230
v -2.504480 1.699001 1.047450
v -2.454341 1.773318 1.251285
v -2.379804 1.929916 1.228231
v -2.429397 2.144080 1.312446
v -2.512104 2.500490 1.461275
v -2.828029 -0.154350 0.020996
v -2.890622 -0.853262 0.367740
v -2.650197 -1.016813 1.286028
v -2.614168 -0.478576 1.032739
v -2.843669 -1.330432 0.932694
v -2.823659 -1.496574 1.169275
v -2.869402 -1.519065 0.788262
v -2.862093 -1.649753 1.072327
v -2.981920 -1.782213 1.659899
v -3.056725 -2.029926 2.129157
v -2.813222 -1.957069 2.287820
v -2.318415 -1.655606 2.073573
v -2.466583 -1.578164 1.950552
v -1.928464 -1.182284 2.049802
v -2.200182 -1.101489 1.849898
v -2.451349 -1.126780 1.610166
v -2.115127 -0.863871 1.862552
v -2.421208 -0.903239 1.568317
v -2.647705 -1.230887 1.387796
v -1.967440 -0.306292 1.765031
v -2.338682 -0.383588 1.418004
v -1.606171 -1.432741 2.171694
v -1.404066 -1.763669 2.106653
v -1.144187 -1.692393 2.167578
v -0.590142 -1.614909 2.263525
v -0.705738 0.397962 2.102222
v -0.609484 1.192106 1.923282
v -0.653203 0.922102 1.995507
v -0.565724 1.525997 1.965133
v -0.151875 2.909761 3.906694
v -0.144575 2.702434 3.858236
v -0.178799 3.179661 3.840191
v -0.218966 3.501866 3.392566
v -0.314990 3.841659 2.775963
v -0.416146 5.240693 1.707416
v -1.032647 5.168145 1.367360
v -0.325171 5.421124 1.410160
v -0.976606 5.309861 1.120412
v -1.529899 5.111814 0.901053
v -1.567763 5.085473 1.016106
v -1.675128 4.956729 1.137463
v -1.867779 5.197528 0.880430
v -2.301388 5.288486 0.874027
v -2.588631 5.101639 0.787068
v -2.689585 4.765169 0.803816
v -2.612231 4.348151 0.896004
v -2.599096 3.838950 0.704367
v -2.790634 3.137649 0.650797
v -1.864886 4.670469 1.169948
v -2.048713 4.285765 1.310494
v -0.501485 -2.316943 1.574162
v -0.540978 -2.031341 2.000141
v -1.053548 -2.030694 1.945343
v -1.304814 -2.027305 1.924925
v -0.735299 3.554356 2.790993
v -1.465243 3.295053 2.352915
v -1.047973 3.147436 2.809819
v -1.619410 2.810849 2.357409
v -1.190503 2.759636 2.800789
v -1.228023 2.436423 2.766709
v -0.833155 2.552250 3.267888
v -1.194431 2.183465 2.696040
v -0.811761 2.317338 3.208778
v -0.489352 2.461659 3.577919
v -0.492669 2.669176 3.648563
v -0.300182 2.503530 3.713226
v -0.293776 2.696966 3.790797
v -0.147983 2.505211 3.769474
v -0.390917 1.834506 2.810529
v -0.521251 1.708751 2.327597
v -0.622009 1.962492 2.969460
v -0.899444 1.830543 2.452571
v -1.037240 1.732504 2.115221
v -0.553332 1.631452 2.098296
v -0.745938 2.121901 3.110617
v -1.097977 1.988464 2.584122
v -1.112653 1.591624 1.912096
v -2.734114 -2.399079 2.242792
v -2.806027 1.520528 1.079552
v -3.155047 1.274233 1.329601
v -2.915427 0.981232 1.040647
v -2.746181 1.700709 1.199139
v -3.130807 1.053366 1.301417
v -3.052933 1.002506 1.410114
v -2.604180 0.921833 1.402171
v -2.552199 1.156389 1.460821
v -2.556013 1.444536 1.529197
v -2.870860 1.239644 1.022069
v -2.627438 1.677953 1.544143
v -2.686184 1.786233 1.377915
v -2.746435 0.800496 1.363218
v -2.877233 0.774309 1.111873
v -2.056391 1.354432 1.395927
v -2.407705 0.539382 1.183813
v -2.582057 1.201613 0.620840
v -2.065669 1.034985 1.361034
v -2.528661 1.529876 0.735101
v -2.619236 0.883827 0.671134
v -2.466985 1.743584 0.982949
v -2.581690 0.523926 0.783309
v -2.310989 1.657084 1.432982
v -2.147897 0.659419 1.337060
v -2.382293 1.821736 1.213058
v -2.938298 -1.783652 1.340144
v -2.116786 -1.464132 1.983225
v -2.896672 -1.661863 1.435179
v -1.631636 -2.225230 1.736176
v -1.662713 -2.095213 1.985823
v -2.312372 -1.383857 1.840902
v -2.520334 -1.403756 1.686100
v -2.708991 -1.484100 1.556480
v -1.638624 -2.293282 1.328364
v -2.869109 -1.850614 1.181081
v -1.894799 -1.663399 2.092438
v -2.766187 -1.930599 1.108769
v -2.201985 -2.175317 1.224918
v -1.749859 -1.907586 2.098742
v -2.635757 -2.023759 1.127053
v -2.731145 -2.414313 2.121346
v -2.657158 -2.042502 2.378268
v -2.727823 -1.993834 2.342309
v -3.047870 -1.910371 1.903892
v -2.635827 -2.336814 1.800688
v -3.081033 -2.010873 1.825259
v -2.363801 -2.310006 2.307789
v -2.916881 -1.778550 1.955512
v -2.870763 -2.226078 1.708018
v -3.040352 -2.097555 1.738088
v -2.380982 -2.418771 2.089269
v -2.963921 -2.160683 1.689106
v -2.648061 -1.757084 2.135352
v -2.787734 -1.742836 2.040784
v -2.387971 -2.116172 2.364813
v -2.444975 -2.404674 1.906855
v -2.432334 -1.933928 2.313334
v -2.531181 -1.816656 2.225797
v -1.248160 -2.423221 1.084301
v -2.550119 -2.062213 0.610688
v -2.571105 -2.026576 0.877314
v -2.032063 -2.293272 0.904378
v -1.911384 -2.383994 0.693895
v -2.716958 -1.889723 0.858613
v -2.725108 -1.877864 0.598480
v -2.815474 -1.737517 0.947275
v -2.838173 -1.658379 0.687730
v -2.910578 -2.342843 2.046853
v -2.139394 -2.324347 -0.123173
v -1.713349 -2.032284 -1.397971
v -2.596392 -2.179467 1.430600
v -1.000188 -1.907261 -2.013481
v -2.443794 -2.105747 1.163123
v -2.764833 -2.282276 1.746099
v -2.338908 -2.168916 0.890734
v -2.273968 -2.244309 0.653721
v -3.000181 -2.082340 2.249235
v -2.915805 -2.125266 2.328714
v -2.836279 -2.165460 2.373120
v -2.879587 -2.289104 2.329539
v -2.971442 -2.240731 2.279060
v -3.043339 -2.182845 2.200659
v -3.033695 -2.257274 2.135445
v -2.967435 -2.316976 2.192966
v -2.879508 -2.363166 2.237261
v -1.998927 4.580899 -0.447873
v -1.757531 5.066478 0.629909
v -0.414544 5.394511 -0.513403
v -0.594846 4.723548 -1.437359
v -2.575378 4.035940 1.007297
v -1.241540 5.303998 0.230997
v -0.941113 5.338290 -0.308625
v -1.748655 5.134416 1.030149
v -1.447368 4.656471 -1.061248
v -2.192077 4.434322 1.167045
v -1.703457 5.140250 0.897338
v -1.708569 5.148031 0.769417
v -2.452044 4.202623 0.426534
v -2.024301 4.743316 1.097562
v -2.390689 4.184725 1.164123
v -2.245187 4.469390 0.235029
v -1.872520 5.002501 1.108706
v -2.591143 4.081158 0.686389
vn 0.3861 0.7925 0.4722
vn 0.6570 0.6235 0.4237
vn 0.6098 0.7364 0.2930
vn 0.2262 -0.0783 0.9709
vn 0.3666 0.2492 0.8964
vn 0.1518 0.0029 0.9884
vn 0.1938 0.2262 0.9546
vn 0.7050 0.1602 -0.6909
vn 0.8079 0.4171 -0.4163
vn 0.5945 0.4575 -0.6612
vn 0.7177 0.2286 0.6578
vn 0.6510 0.7197 -0.2411
vn 0.4699 0.7592 0.4503
vn 0.0642 0.4208 0.9049
vn 0.0629 0.9910 0.1179
vn -0.2256 0.5082 0.8312
vn 0.3851 0.7937 -0.4708
vn 0.1627 0.9745 0.1544
vn 0.6736 -0.7241 -0.1481
vn 0.8365 -0.1394 -0.5299
vn 0.7659 -0.2306 -0.6002
vn 0.6692 -0.0957 0.7369
vn 0.0121 -0.3400 0.9403
vn 0.4762 -0.4800 0.7368
vn -0.1370 -0.3789 0.9152
vn 0.3360 -0.7032 0.6266
vn 0.2115 -0.7154 0.6660
vn 0.1191 -0.0000 0.9929
vn -0.2327 -0.2272 0.9456
vn 0.6806 0.0729 0.7290
vn 0.7369 0.2556 0.6258
vn 0.6298 0.3066 0.7137
vn 0.9364 0.1021 0.3357
vn 0.8725 0.2098 0.4412
vn 0.6376 0.3229 0.6994
vn 0.9929 -0.0102 -0.1188
vn 0.7493 -0.6606 -0.0468
vn 0.9501 -0.2503 0.1861
vn 0.6092 0.1211 0.7837
vn 0.2457 0.0724 0.9666
vn 0.3202 0.1996 0.9261
vn 0.7026 0.0790 0.7072
vn 0.3201 0.1187 0.9399
vn 0.2492 0.0802 0.9651
vn 0.2332 0.1405 0.9622
vn 0.1456 0.1529 0.9775
vn 0.2562 0.7384 0.6238
vn 0.6560 0.6313 -0.4136
vn -0.0718 0.5553 -0.8286
vn 0.1096 0.9218 -0.3719
vn -0.2050 0.8972 -0.3911
vn 0.1922 0.7912 -0.5806
vn 0.9917 -0.1270 0.0213
vn 0.9094 -0.3002 0.2879
vn 0.9891 -0.1311 0.0668
vn 0.9307 -0.1797 0.3186
vn 0.9742 -0.0419 -0.2219
vn 0.9773 0.0059 -0.2120
vn 0.9187 -0.0289 -0.3939
vn 0.3964 0.0862 -0.9140
vn 0.8741 0.0919 -0.4770
vn 0.1992 0.3617 -0.9108
vn 0.7038 -0.2128 0.6778
vn 0.5881 -0.5108 0.6271
vn 0.6769 -0.2739 0.6832
vn 0.4875 -0.7003 0.5215
vn 0.4775 -0.5018 0.7213
vn 0.6168 -0.3945 0.6811
vn 0.6146 -0.4085 0.6748
vn 0.0340 -0.3156 0.9483
vn 0.4101 -0.0767 0.9088
vn 0.4605 0.0593 0.8857
vn 0.5485 0.1678 0.8192
vn 0.3959 0.1411 0.9074
vn 0.4116 -0.1788 0.8937
vn 0.3435 -0.0856 0.9352
vn -0.0785 -0.1644 0.9833
vn 0.1546 -0.1240 0.9802
vn 0.2572 -0.0463 0.9652
vn 0.5249 -0.1253 0.8419
vn 0.2854 0.9584 -0.0043
vn 0.2504 0.9659 0.0653
vn 0.3099 0.9493 -0.0530
vn 0.2473 0.9322 -0.2644
vn 0.3700 0.9281 -0.0412
vn 0.5529 0.4356 0.7103
vn 0.4332 0.5058 0.7460
vn 0.4863 0.4684 0.7376
vn 0.4552 0.6018 0.6562
vn 0.3780 0.5693 0.7300
vn 0.3840 0.5277 0.7576
vn 0.5246 -0.0196 0.8511
vn 0.7038 0.2840 0.6512
vn 0.5632 0.3799 0.7338
vn 0.6869 0.0233 0.7264
vn 0.7438 0.3724 0.5551
vn 0.5708 0.6311 0.5252
vn 0.4623 -0.5735 0.6763
vn 0.2746 -0.6905 0.6692
vn 0.3027 -0.7646 0.5690
vn 0.1424 -0.8536 0.5011
vn 0.1433 -0.7373 0.6602
vn 0.3383 -0.5569 0.7585
vn 0.3311 -0.5830 -0.7420
vn 0.6360 -0.3372 -0.6941
vn 0.5139 -0.6716 -0.5337
vn 0.4784 0.8687 -0.1286
vn 0.2769 0.9398 -0.2004
vn 0.1511 0.9502 -0.2727
vn 0.2387 0.9595 -0.1497
vn 0.1191 0.9929 -0.0047
vn 0.1323 0.9766 -0.1694
vn 0.2867 0.9503 0.1216
vn 0.1445 0.9833 0.1109
vn -0.0000 1.0000 -0.0058
vn -0.0000 0.9838 -0.1794
vn 0.1997 0.8836 -0.4235
vn -0.0000 0.9593 -0.2825
vn 0.2574 0.7080 -0.6576
vn -0.0000 0.8910 -0.4539
vn 0.3111 0.3477 -0.8845
vn -0.0000 0.5307 -0.8476
vn 0.2982 0.5089 -0.8075
vn -0.0000 0.6165 -0.7874
vn 0.5418 0.2787 -0.7929
vn 0.5341 0.4831 -0.6938
vn 0.5041 0.6075 -0.6139
vn 0.2804 0.6036 -0.7463
vn 0.7652 0.4631 -0.4473
vn 0.7262 0.5913 -0.3506
vn 0.3520 0.8800 -0.3189
vn 0.6645 0.6896 -0.2879
vn 0.4696 0.7107 -0.5238
vn 0.8729 0.4325 -0.2258
vn 0.8121 0.5431 -0.2133
vn 0.4597 0.5660 -0.6844
vn 0.9375 0.3085 -0.1611
vn 0.9136 0.1775 -0.3658
vn 0.8822 0.3590 -0.3048
vn 0.8873 0.0390 -0.4596
vn 0.7709 0.2133 -0.6002
vn 0.7332 0.1183 -0.6696
vn 0.7241 0.1952 -0.6615
vn 0.5451 0.2102 -0.8116
vn 0.3149 0.2732 -0.9090
vn 0.5483 0.2458 -0.7993
vn 0.5565 0.1674 -0.8138
vn 0.3076 0.2679 -0.9130
vn -0.0000 0.2911 -0.9567
vn -0.0000 0.2716 -0.9624
vn 0.3212 0.1420 -0.9363
vn 0.3557 -0.0828 -0.9309
vn -0.0000 0.1287 -0.9917
vn -0.0000 -0.3266 -0.9452
vn -0.0000 -0.1113 -0.9938
vn -0.0000 -0.8862 -0.4632
vn -0.0000 -0.5891 -0.8080
vn 0.1420 -0.9135 -0.3812
vn -0.0000 -1.0000 -0.0020
vn 0.1755 -0.9825 -0.0627
vn 0.0666 -0.9825 0.1742
vn 0.0079 -0.9969 0.0781
vn 0.0448 -0.9085 0.4156
vn 0.1260 -0.9615 0.2441
vn 0.0129 -0.9058 0.4236
vn 0.0848 -0.9880 0.1292
vn 0.2848 -0.9409 0.1831
vn 0.2295 -0.9676 -0.1049
vn -0.2292 -0.9171 0.3262
vn -0.3289 -0.9206 0.2105
vn -0.3790 -0.6105 0.6955
vn 0.0194 -0.3766 0.9262
vn -0.2512 -0.1525 0.9558
vn -0.2717 -0.6046 0.7488
vn -0.3679 0.0436 0.9288
vn -0.4764 -0.5479 0.6877
vn 0.9925 0.0606 -0.1066
vn 0.9029 -0.4229 -0.0775
vn 0.8723 -0.3770 -0.3112
vn 0.6186 -0.6760 -0.4005
vn 0.8450 -0.3356 -0.4163
vn 0.8646 -0.3251 -0.3831
vn 0.5937 -0.6553 -0.4670
vn 0.6763 -0.6423 -0.3606
vn 0.3310 -0.9267 -0.1780
vn 0.5865 -0.8093 -0.0318
vn 0.4657 -0.8379 -0.2845
vn 0.3720 -0.8185 -0.4378
vn 0.9371 -0.2624 -0.2300
vn 0.8183 -0.5718 -0.0588
vn 0.8195 -0.4697 -0.3282
vn 0.1882 -0.9194 -0.3454
vn 0.2361 -0.8853 -0.4005
vn 0.2812 -0.8836 -0.3745
vn -0.1572 -0.9649 0.2105
vn 0.1518 -0.9857 -0.0734
vn 0.0983 -0.9385 0.3310
vn 0.6547 -0.7558 -0.0128
vn 0.7075 -0.6254 -0.3291
vn 0.5140 -0.8368 -0.1885
vn 0.7732 -0.6236 -0.1151
vn 0.7552 -0.2310 -0.6135
vn 0.9167 -0.3623 -0.1684
vn 0.9962 -0.0544 -0.0678
vn 0.8984 -0.0852 -0.4309
vn 0.9828 0.0465 -0.1786
vn 0.8739 0.0843 -0.4787
vn 0.8663 0.1764 -0.4674
vn 0.7223 0.0176 -0.6914
vn 0.7181 0.1875 -0.6702
vn 0.5859 -0.0470 -0.8090
vn 0.3796 -0.2953 -0.8767
vn 0.9723 0.1208 -0.2001
vn 0.8752 0.1178 -0.4692
vn 0.9909 0.1173 0.0655
vn 0.9974 0.0513 0.0513
vn 0.9717 0.1232 -0.2014
vn 0.9886 0.0698 0.1334
vn 0.9904 0.0467 0.1300
vn 0.9751 -0.0761 0.2084
vn 0.9892 0.1208 -0.0835
vn 0.9888 0.1467 0.0269
vn 0.8552 0.1725 -0.4888
vn 0.9623 0.2393 0.1291
vn 0.6050 0.7357 -0.3044
vn 0.7313 0.4866 0.4780
vn 0.8331 -0.1411 0.5348
vn 0.7908 -0.3357 0.5118
vn 0.8009 -0.2109 0.5604
vn 0.9389 -0.1825 0.2919
vn 0.7880 0.0776 0.6107
vn 0.9513 0.0770 0.2985
vn 0.9868 0.1312 0.0950
vn 0.8958 0.2201 0.3861
vn 0.9825 0.1205 0.1421
vn 0.9676 0.1482 0.2045
vn 0.8699 0.2483 0.4262
vn 0.8310 0.3460 0.4356
vn 0.9951 -0.0943 0.0285
vn 0.9945 0.0165 -0.1037
vn 0.9402 0.3018 0.1580
vn 0.8645 0.5010 0.0398
vn 0.9665 0.1233 -0.2251
vn 0.9621 0.1350 -0.2367
vn 0.8698 0.4805 0.1119
vn 0.6092 0.7527 0.2496
vn 0.8349 0.5499 0.0254
vn 0.0618 0.6718 0.7381
vn 0.3256 0.5815 0.7456
vn 0.2240 0.7594 0.6109
vn 0.0314 0.3403 0.9398
vn -0.1091 0.4531 0.8848
vn 0.4335 0.7835 0.4452
vn 0.5021 0.4490 0.7391
vn 0.0914 0.6411 0.7620
vn 0.2876 0.7364 0.6123
vn 0.7161 0.2875 0.6360
vn 0.6032 0.5551 0.5727
vn 0.7449 0.2622 0.6135
vn 0.6115 0.2071 0.7637
vn 0.7584 0.2606 0.5974
vn 0.6044 0.2448 0.7582
vn 0.7697 0.0286 0.6377
vn 0.4203 0.1576 0.8936
vn 0.5761 0.2867 0.7654
vn 0.4038 0.2402 0.8828
vn 0.4556 0.0960 0.8850
vn -0.1444 0.4398 0.8864
vn 0.3263 0.3422 0.8812
vn 0.0564 0.1638 0.9849
vn 0.2353 -0.0976 0.9670
vn 0.0994 -0.4059 0.9085
vn 0.0638 -0.3836 0.9213
vn -0.0000 -0.0312 0.9995
vn 0.2125 0.2414 0.9469
vn -0.0000 0.2118 0.9773
vn 0.1570 0.0417 0.9867
vn -0.0000 0.2552 0.9669
vn 0.1967 0.2198 0.9555
vn -0.0000 0.2389 0.9710
vn 0.1295 -0.4984 0.8572
vn -0.0000 0.0853 0.9964
vn -0.0000 -0.3245 0.9459
vn 0.3119 -0.0009 0.9501
vn -0.0000 0.0301 0.9995
vn 0.3375 0.4998 0.7977
vn 0.3813 0.7482 0.5430
vn -0.0000 0.5932 0.8050
vn 0.4190 0.6477 0.6363
vn -0.0000 0.8073 0.5902
vn -0.0000 0.6090 0.7931
vn -0.0000 0.5797 0.8148
vn -0.0000 0.6981 0.7160
vn 0.3170 0.7497 0.5809
vn -0.0000 0.9385 0.3452
vn 0.2190 0.9239 0.3137
vn 0.3933 0.7730 0.4978
vn 0.1526 0.8671 0.4742
vn 0.3309 0.9046 0.2687
vn 0.1465 0.9669 0.2090
vn 0.0923 0.2826 0.9548
vn -0.1405 0.7781 0.6122
vn -0.2094 0.7837 0.5847
vn -0.2338 0.9667 0.1044
vn 0.2114 0.9676 0.1383
vn -0.2648 0.9633 0.0442
vn -0.0534 0.9747 -0.2171
vn 0.6960 0.4485 0.5607
vn 0.8190 0.5609 0.1210
vn 0.9886 0.0433 0.1442
vn 0.9524 -0.0534 0.3000
vn 0.9161 0.0672 0.3954
vn 0.5956 0.2662 0.7579
vn 0.9830 0.0816 -0.1645
vn 0.9923 0.1150 0.0459
vn 0.9856 0.1682 0.0179
vn 0.9744 0.1441 -0.1728
vn 0.2999 0.2396 0.9234
vn 0.5097 0.5096 0.6932
vn 0.2884 0.5384 0.7918
vn 0.4005 0.3712 0.8377
vn 0.5040 0.4299 0.7491
vn 0.4078 0.4038 0.8189
vn -0.0000 0.9938 0.1110
vn -0.0000 -0.9233 0.3841
vn 0.0091 -0.9189 0.3944
vn -0.0000 -0.6939 0.7200
vn 0.0378 -0.6973 0.7158
vn 0.0601 -0.7042 0.7074
vn -0.0681 -0.6956 0.7152
vn -0.0000 -0.3762 0.9265
vn 0.5432 0.5731 0.6136
vn 0.6157 0.3142 0.7227
vn 0.6924 0.3615 0.6245
vn 0.7524 0.1168 0.6483
vn 0.7834 0.1086 0.6120
vn 0.7494 -0.1526 0.6443
vn 0.6933 0.0875 0.7154
vn 0.7471 -0.1200 0.6538
vn 0.6570 -0.3863 0.6474
vn 0.5687 -0.3642 0.7375
vn 0.6458 -0.1639 0.7457
vn 0.4060 -0.4014 0.8210
vn 0.4717 -0.2444 0.8472
vn 0.2223 -0.4573 0.8611
vn 0.2756 -0.3029 0.9123
vn 0.1747 -0.5946 0.7848
vn -0.0000 -0.6172 0.7868
vn -0.0000 -0.4829 0.8757
vn -0.0000 -0.7577 0.6526
vn -0.0000 -0.8793 0.4763
vn 0.1499 -0.9233 0.3536
vn -0.0000 -0.9479 0.3186
vn 0.1399 -0.9378 0.3179
vn 0.3133 -0.8369 0.4489
vn 0.3088 -0.8715 0.3810
vn 0.1201 -0.8654 0.4865
vn 0.5092 -0.7129 0.4822
vn 0.2888 -0.8199 0.4943
vn 0.6707 -0.4539 0.5866
vn 0.5025 -0.6499 0.5702
vn 0.6322 -0.5028 0.5895
vn -0.0000 -0.4960 0.8683
vn -0.0000 -0.8792 0.4765
vn 0.3020 -0.5218 0.7978
vn 0.1274 0.2731 0.9535
vn 0.0505 -0.6008 0.7978
vn 0.0364 -0.9807 -0.1920
vn 0.1528 -0.9176 -0.3671
vn -0.0430 -0.9840 -0.1730
vn -0.0000 0.3785 -0.9256
vn -0.2004 -0.0940 0.9752
vn -0.2716 -0.0764 0.9594
vn 0.9508 -0.2675 -0.1560
vn 0.0851 -0.2018 0.9757
vn 0.8918 0.4063 -0.1991
vn 0.9917 0.0728 -0.1060
vn 0.7750 -0.5345 0.3371
vn -0.2620 0.5285 0.8075
vn 0.4706 -0.8797 0.0683
vn 0.7200 0.6083 0.3341
vn 0.9372 -0.3451 -0.0515
vn -0.2338 0.0057 0.9723
vn 0.3056 -0.9415 -0.1421
vn 0.4868 0.6153 0.6200
vn 0.9883 -0.0227 0.1511
vn 0.8612 0.3576 0.3612
vn 0.4327 -0.8813 -0.1901
vn 0.6964 -0.6706 -0.2558
vn 0.4075 -0.8243 -0.3931
vn 0.0454 -0.0626 0.9970
vn 0.4361 -0.8948 0.0956
vn 0.2457 -0.9620 0.1194
vn 0.1923 -0.9339 -0.3013
vn 0.7050 0.2652 0.6578
vn 0.5717 -0.7934 -0.2090
vn 0.1908 0.4910 0.8500
vn 0.3332 0.0440 0.9418
vn 0.5232 0.1899 0.8308
vn 0.4213 -0.4781 0.7707
vn 0.8128 -0.5685 0.1272
vn 0.8770 -0.1617 0.4526
vn 0.6921 -0.3139 0.6499
vn 0.4145 -0.8485 0.3290
vn 0.6438 -0.7314 0.2251
vn 0.7185 0.2802 -0.6366
vn -0.0000 0.7133 -0.7009
vn -0.6570 0.6235 0.4237
vn -0.3861 0.7925 0.4722
vn -0.6098 0.7364 0.2930
vn -0.3666 0.2492 0.8964
vn -0.2262 -0.0783 0.9709
vn -0.1518 0.0029 0.9884
vn -0.1938 0.2262 0.9546
vn -0.7050 0.1603 -0.6909
vn -0.8079 0.4171 -0.4163
vn -0.8552 0.1725 -0.4888
vn -0.6510 0.7197 -0.2411
vn -0.7177 0.2286 0.6578
vn -0.4699 0.7592 0.4503
vn -0.0629 0.9910 0.1179
vn -0.0642 0.4208 0.9049
vn 0.2256 0.5082 0.8312
vn -0.3851 0.7937 -0.4708
vn -0.1627 0.9745 0.1544
vn -0.6050 0.7357 -0.3044
vn -0.8365 -0.1394 -0.5299
vn -0.6736 -0.7241 -0.1481
vn -0.7659 -0.2306 -0.6002
vn -0.0121 -0.3400 0.9403
vn -0.6692 -0.0957 0.7369
vn -0.4762 -0.4800 0.7368
vn 0.1370 -0.3789 0.9152
vn -0.3360 -0.7032 0.6266
vn -0.0340 -0.3156 0.9483
vn -0.1191 -0.0000 0.9929
vn 0.2327 -0.2273 0.9456
vn -0.7369 0.2556 0.6258
vn -0.6807 0.0728 0.7290
vn -0.6298 0.3066 0.7137
vn -0.9364 0.1021 0.3357
vn -0.7880 0.0776 0.6107
vn -0.6376 0.3229 0.6994
vn -0.8725 0.2098 0.4412
vn -0.9929 -0.0102 -0.1188
vn -0.7493 -0.6606 -0.0468
vn -0.2457 0.0724 0.9666
vn -0.6092 0.1211 0.7837
vn -0.3202 0.1996 0.9261
vn -0.7026 0.0790 0.7072
vn -0.3201 0.1187 0.9399
vn -0.6960 0.4485 0.5607
vn -0.2492 0.0802 0.9651
vn -0.2332 0.1405 0.9622
vn -0.1456 0.1529 0.9775
vn -0.2562 0.7384 0.6238
vn 0.1406 0.7781 0.6122
vn 0.0718 0.5553 -0.8286
vn -0.6560 0.6313 -0.4136
vn -0.1096 0.9218 -0.3719
vn 0.2050 0.8972 -0.3911
vn -0.1922 0.7912 -0.5806
vn -0.9917 -0.1270 0.0213
vn -0.9094 -0.3002 0.2879
vn -0.9389 -0.1825 0.2918
vn -0.9891 -0.1311 0.0668
vn -0.9307 -0.1797 0.3186
vn -0.9742 -0.0419 -0.2219
vn -0.9773 0.0059 -0.2120
vn -0.3964 0.0862 -0.9140
vn -0.9187 -0.0289 -0.3939
vn -0.8741 0.0919 -0.4770
vn -0.1992 0.3617 -0.9108
vn -0.5881 -0.5108 0.6271
vn -0.7038 -0.2128 0.6778
vn -0.6769 -0.2739 0.6832
vn -0.4875 -0.7003 0.5215
vn -0.6322 -0.5028 0.5895
vn -0.6168 -0.3945 0.6811
vn -0.4775 -0.5018 0.7213
vn -0.6146 -0.4085 0.6748
vn -0.4101 -0.0767 0.9088
vn -0.4605 0.0593 0.8857
vn -0.2572 -0.0463 0.9652
vn -0.5485 0.1678 0.8192
vn -0.3959 0.1411 0.9074
vn -0.4116 -0.1788 0.8937
vn -0.3435 -0.0856 0.9352
vn -0.1546 -0.1240 0.9802
vn 0.0785 -0.1644 0.9833
vn -0.5249 -0.1252 0.8419
vn -0.1273 0.2732 0.9535
vn -0.2854 0.9584 -0.0044
vn -0.2504 0.9659 0.0653
vn -0.2867 0.9503 0.1217
vn -0.2473 0.9322 -0.2644
vn 0.0534 0.9747 -0.2171
vn -0.3099 0.9493 -0.0530
vn -0.3700 0.9281 -0.0413
vn -0.4333 0.5057 0.7460
vn -0.5529 0.4357 0.7103
vn -0.4863 0.4684 0.7376
vn -0.4552 0.6018 0.6562
vn -0.5097 0.5096 0.6932
vn -0.3840 0.5277 0.7576
vn -0.3780 0.5693 0.7300
vn -0.7038 0.2840 0.6512
vn -0.5246 -0.0196 0.8511
vn -0.5632 0.3799 0.7338
vn -0.6869 0.0233 0.7264
vn -0.7438 0.3724 0.5551
vn -0.7834 0.1086 0.6120
vn -0.5708 0.6311 0.5252
vn -0.2746 -0.6905 0.6692
vn -0.4623 -0.5735 0.6763
vn -0.3027 -0.7646 0.5690
vn -0.1424 -0.8536 0.5011
vn -0.1433 -0.7373 0.6602
vn -0.3383 -0.5569 0.7585
vn -0.1747 -0.5946 0.7848
vn -0.6360 -0.3372 -0.6941
vn -0.3311 -0.5830 -0.7420
vn -0.5139 -0.6716 -0.5337
vn -0.2769 0.9398 -0.2004
vn -0.4784 0.8687 -0.1286
vn -0.2387 0.9595 -0.1497
vn -0.1512 0.9501 -0.2727
vn -0.1191 0.9929 -0.0047
vn -0.1323 0.9766 -0.1694
vn -0.1445 0.9833 0.1109
vn -0.1996 0.8836 -0.4236
vn -0.2574 0.7080 -0.6576
vn -0.3111 0.3477 -0.8845
vn -0.2982 0.5092 -0.8073
vn -0.2804 0.6036 -0.7463
vn -0.5418 0.2787 -0.7930
vn -0.5341 0.4831 -0.6938
vn -0.5041 0.6075 -0.6139
vn -0.7652 0.4631 -0.4473
vn -0.7262 0.5913 -0.3506
vn -0.3520 0.8800 -0.3189
vn -0.6645 0.6896 -0.2879
vn -0.4696 0.7108 -0.5237
vn -0.8729 0.4325 -0.2258
vn -0.8121 0.5431 -0.2133
vn -0.4597 0.5660 -0.6844
vn -0.9375 0.3085 -0.1611
vn -0.9136 0.1776 -0.3658
vn -0.9744 0.1441 -0.1728
vn -0.8822 0.3590 -0.3048
vn -0.7709 0.2133 -0.6002
vn -0.8873 0.0390 -0.4596
vn -0.7333 0.1183 -0.6696
vn -0.5451 0.2102 -0.8116
vn -0.7241 0.1952 -0.6615
vn -0.3149 0.2732 -0.9090
vn -0.5483 0.2458 -0.7993
vn -0.3078 0.2680 -0.9129
vn -0.5565 0.1674 -0.8138
vn -0.3212 0.1420 -0.9363
vn -0.3557 -0.0828 -0.9309
vn -0.1420 -0.9135 -0.3812
vn -0.0079 -0.9969 0.0781
vn -0.1755 -0.9825 -0.0627
vn -0.0666 -0.9825 0.1742
vn -0.2457 -0.9620 0.1194
vn -0.1260 -0.9615 0.2441
vn -0.0448 -0.9085 0.4156
vn -0.0129 -0.9058 0.4236
vn -0.0848 -0.9880 0.1292
vn -0.2848 -0.9409 0.1831
vn 0.3790 -0.6105 0.6955
vn 0.3289 -0.9206 0.2105
vn 0.2292 -0.9171 0.3262
vn -0.0194 -0.3766 0.9262
vn 0.2512 -0.1525 0.9558
vn 0.2717 -0.6046 0.7488
vn 0.3679 0.0436 0.9288
vn 0.2338 0.0057 0.9723
vn -0.9029 -0.4229 -0.0775
vn -0.9925 0.0606 -0.1066
vn -0.8724 -0.3770 -0.3112
vn -0.6186 -0.6760 -0.4005
vn -0.8450 -0.3356 -0.4163
vn -0.5937 -0.6553 -0.4670
vn -0.8646 -0.3251 -0.3831
vn -0.6763 -0.6423 -0.3606
vn -0.3310 -0.9267 -0.1780
vn -0.5865 -0.8093 -0.0318
vn -0.4361 -0.8948 0.0956
vn -0.3720 -0.8185 -0.4378
vn -0.4075 -0.8243 -0.3931
vn -0.9371 -0.2624 -0.2300
vn -0.8183 -0.5718 -0.0588
vn -0.9371 -0.3451 -0.0515
vn -0.2361 -0.8853 -0.4006
vn -0.1883 -0.9194 -0.3455
vn -0.2812 -0.8836 -0.3745
vn 0.1572 -0.9649 0.2105
vn -0.1518 -0.9857 -0.0734
vn -0.0364 -0.9807 -0.1920
vn -0.8196 -0.4697 -0.3282
vn -0.6547 -0.7558 -0.0128
vn -0.7075 -0.6254 -0.3291
vn -0.4657 -0.8379 -0.2846
vn -0.7732 -0.6236 -0.1151
vn -0.7552 -0.2309 -0.6135
vn -0.9167 -0.3623 -0.1684
vn -0.8984 -0.0852 -0.4309
vn -0.9962 -0.0544 -0.0678
vn -0.9828 0.0465 -0.1786
vn -0.8740 0.0842 -0.4787
vn -0.9717 0.1232 -0.2014
vn -0.7223 0.0176 -0.6914
vn -0.8665 0.1764 -0.4669
vn -0.7181 0.1875 -0.6702
vn -0.5860 -0.0470 -0.8090
vn -0.3797 -0.2953 -0.8767
vn -0.8752 0.1178 -0.4692
vn -0.9723 0.1208 -0.2001
vn -0.9909 0.1173 0.0655
vn -0.9974 0.0513 0.0513
vn -0.9886 0.0698 0.1334
vn -0.9904 0.0467 0.1300
vn -0.9751 -0.0761 0.2084
vn -0.9892 0.1208 -0.0835
vn -0.9888 0.1467 0.0269
vn -0.9623 0.2393 0.1291
vn -0.5945 0.4575 -0.6612
vn -0.7313 0.4866 0.4780
vn -0.8331 -0.1411 0.5348
vn -0.7908 -0.3357 0.5118
vn -0.8009 -0.2109 0.5604
vn -0.9513 0.0770 0.2984
vn -0.9868 0.1312 0.0950
vn -0.8958 0.2201 0.3861
vn -0.9825 0.1205 0.1421
vn -0.9676 0.1482 0.2045
vn -0.8699 0.2483 0.4262
vn -0.8310 0.3459 0.4356
vn -0.9951 -0.0943 0.0285
vn -0.9945 0.0165 -0.1037
vn -0.9402 0.3018 0.1581
vn -0.8645 0.5010 0.0398
vn -0.9665 0.1233 -0.2251
vn -0.8349 0.5499 0.0254
vn -0.9622 0.1349 -0.2368
vn -0.8698 0.4805 0.1119
vn -0.6092 0.7527 0.2496
vn -0.7200 0.6083 0.3341
vn -0.3256 0.5814 0.7456
vn -0.0618 0.6718 0.7382
vn -0.2240 0.7594 0.6109
vn -0.0314 0.3403 0.9398
vn 0.1091 0.4531 0.8848
vn -0.4335 0.7835 0.4452
vn -0.5021 0.4490 0.7391
vn -0.0914 0.6411 0.7620
vn -0.3263 0.3422 0.8812
vn -0.7161 0.2875 0.6360
vn -0.6032 0.5551 0.5727
vn -0.7449 0.2621 0.6135
vn -0.6115 0.2071 0.7637
vn -0.6044 0.2448 0.7582
vn -0.7584 0.2606 0.5974
vn -0.5761 0.2867 0.7654
vn -0.7697 0.0286 0.6377
vn -0.4203 0.1576 0.8936
vn -0.4038 0.2402 0.8828
vn -0.4556 0.0960 0.8850
vn 0.1444 0.4398 0.8864
vn -0.0564 0.1638 0.9849
vn -0.2353 -0.0976 0.9670
vn -0.0994 -0.4059 0.9085
vn -0.0639 -0.3836 0.9213
vn -0.2125 0.2414 0.9469
vn -0.1570 0.0417 0.9867
vn -0.1967 0.2198 0.9555
vn -0.1295 -0.4984 0.8572
vn -0.3119 -0.0009 0.9501
vn -0.2756 -0.3029 0.9123
vn -0.3375 0.4998 0.7977
vn -0.3813 0.7482 0.5430
vn -0.4190 0.6477 0.6363
vn -0.3170 0.7497 0.5809
vn -0.2190 0.9239 0.3137
vn -0.3933 0.7730 0.4978
vn -0.3309 0.9046 0.2687
vn -0.1526 0.8671 0.4742
vn -0.1465 0.9669 0.2090
vn -0.0923 0.2826 0.9548
vn 0.2338 0.9667 0.1044
vn 0.2094 0.7837 0.5847
vn -0.2114 0.9676 0.1383
vn -0.8190 0.5609 0.1209
vn -0.9886 0.0432 0.1442
vn -0.9524 -0.0534 0.3000
vn -0.9161 0.0672 0.3954
vn -0.5956 0.2662 0.7579
vn -0.9830 0.0816 -0.1645
vn -0.9923 0.1150 0.0459
vn -0.7185 0.2802 -0.6366
vn -0.9856 0.1682 0.0179
vn -0.2999 0.2396 0.9234
vn -0.2884 0.5384 0.7918
vn -0.4005 0.3711 0.8378
vn -0.5040 0.4299 0.7491
vn -0.0091 -0.9189 0.3944
vn -0.0378 -0.6973 0.7157
vn -0.0601 -0.7042 0.7074
vn 0.0680 -0.6956 0.7152
vn -0.5432 0.5731 0.6137
vn -0.6155 0.3145 0.7226
vn -0.6924 0.3615 0.6245
vn -0.7524 0.1168 0.6483
vn -0.6934 0.0876 0.7152
vn -0.7494 -0.1526 0.6443
vn -0.7471 -0.1200 0.6538
vn -0.6570 -0.3863 0.6474
vn -0.6707 -0.4539 0.5866
vn -0.5687 -0.3642 0.7375
vn -0.6458 -0.1639 0.7457
vn -0.4060 -0.4014 0.8210
vn -0.4717 -0.2444 0.8472
vn -0.2223 -0.4573 0.8611
vn -0.1499 -0.9233 0.3536
vn -0.1399 -0.9377 0.3179
vn -0.0000 -0.9545 0.2983
vn -0.3134 -0.8368 0.4490
vn -0.3088 -0.8715 0.3810
vn -0.1201 -0.8654 0.4865
vn -0.5092 -0.7129 0.4822
vn -0.5025 -0.6499 0.5702
vn -0.2888 -0.8199 0.4943
vn -0.3020 -0.5218 0.7978
vn 0.2620 0.5285 0.8075
vn -0.0983 -0.9385 0.3310
vn -0.1528 -0.9176 -0.3671
vn 0.0430 -0.9840 -0.1730
vn 0.2004 -0.0940 0.9752
vn -0.9501 -0.2503 0.1861
vn 0.2716 -0.0764 0.9594
vn -0.9508 -0.2676 -0.1561
vn -0.0851 -0.2018 0.9757
vn -0.8918 0.4063 -0.1991
vn -0.7750 -0.5345 0.3371
vn -0.2115 -0.7154 0.6660
vn -0.9917 0.0728 -0.1060
vn -0.4706 -0.8797 0.0683
vn -0.5140 -0.8368 -0.1885
vn -0.2876 0.7364 0.6123
vn -0.2295 -0.9676 -0.1049
vn 0.4764 -0.5479 0.6877
vn -0.3056 -0.9415 -0.1421
vn -0.4868 0.6153 0.6200
vn -0.9883 -0.0227 0.1511
vn -0.8612 0.3576 0.3612
vn -0.4327 -0.8813 -0.1901
vn -0.6964 -0.6706 -0.2558
vn -0.5717 -0.7934 -0.2090
vn -0.0454 -0.0626 0.9970
vn -0.0505 -0.6008 0.7978
vn -0.1923 -0.9339 -0.3013
vn -0.7050 0.2652 0.6578
vn -0.1908 0.4910 0.8500
vn -0.3332 0.0440 0.9418
vn -0.5232 0.1899 0.8308
vn -0.4213 -0.4781 0.7707
vn -0.8128 -0.5685 0.1272
vn -0.6921 -0.3139 0.6499
vn -0.8770 -0.1617 0.4526
vn -0.4145 -0.8485 0.3290
vn -0.6438 -0.7314 0.2251
vn -0.4078 0.4038 0.8189
vn 0.2648 0.9633 0.0442
vn -0.0000 0.7607 0.6491
vt 0.621008 0.796693
vt 0.597051 0.790168
vt 0.620589 0.785971
vt 0.307739 0.109642
vt 0.226048 0.114299
vt 0.281400 0.060526
vt 0.230319 0.062281
vt 0.047146 0.818141
vt 0.007700 0.808761
vt 0.034658 0.797624
vt 0.063848 0.766816
vt 0.051006 0.779148
vt 0.048999 0.769003
vt 0.048309 0.759254
vt 0.029927 0.770363
vt 0.033576 0.755659
vt 0.030057 0.782879
vt 0.008444 0.770343
vt 0.070471 0.852472
vt 0.043058 0.847494
vt 0.061153 0.835593
vt 0.082300 0.760111
vt 0.093882 0.741717
vt 0.100533 0.750064
vt 0.050670 0.696042
vt 0.050320 0.667997
vt 0.062993 0.689656
vt 0.060952 0.754554
vt 0.065876 0.714262
vt 0.041665 0.713495
vt 0.864303 0.186114
vt 0.839025 0.233970
vt 0.823566 0.198306
vt 0.872056 0.262445
vt 0.823014 0.276259
vt 0.800783 0.256987
vt 0.030947 0.853460
vt 0.058256 0.870919
vt 0.046869 0.882163
vt 0.147082 0.697660
vt 0.155592 0.723230
vt 0.139265 0.714295
vt 0.166650 0.719986
vt 0.156302 0.738801
vt 0.135095 0.734585
vt 0.147934 0.751184
vt 0.131288 0.752078
vt 0.154820 0.760230
vt 0.178754 0.746876
vt 0.186559 0.770726
vt 0.171825 0.767761
vt 0.135165 0.787779
vt 0.160335 0.790319
vt 0.136890 0.804212
vt 0.922462 0.287647
vt 0.944522 0.244696
vt 0.967653 0.279298
vt 0.961884 0.233436
vt 0.929373 0.332038
vt 0.974774 0.333290
vt 0.172285 0.684205
vt 0.201034 0.706057
vt 0.187024 0.714264
vt 0.194819 0.752548
vt 0.187041 0.725116
vt 0.201343 0.735012
vt 0.887489 0.128117
vt 0.921007 0.141839
vt 0.900681 0.172454
vt 0.929547 0.106522
vt 0.947564 0.128431
vt 0.936272 0.173867
vt 0.045700 0.660111
vt 0.035977 0.678728
vt 0.023051 0.664643
vt 0.128483 0.177337
vt 0.098429 0.156221
vt 0.144065 0.163355
vt 0.104420 0.107261
vt 0.067060 0.150934
vt 0.079110 0.099828
vt 0.020456 0.698301
vt 0.000186 0.718310
vt 0.009040 0.693642
vt 0.999814 0.162122
vt 0.973672 0.188174
vt 0.994827 0.147242
vt 0.705074 0.448434
vt 0.706970 0.395908
vt 0.720994 0.396075
vt 0.127524 0.806393
vt 0.723137 0.437805
vt 0.726021 0.387570
vt 0.775623 0.189937
vt 0.719086 0.157534
vt 0.764660 0.138468
vt 0.693162 0.207154
vt 0.676515 0.149796
vt 0.708337 0.117775
vt 0.725821 0.728955
vt 0.737898 0.746227
vt 0.723519 0.744106
vt 0.739571 0.734463
vt 0.758618 0.765740
vt 0.738493 0.779255
vt 0.763438 0.699693
vt 0.758830 0.688233
vt 0.769513 0.687957
vt 0.767268 0.675305
vt 0.753551 0.681061
vt 0.751458 0.695622
vt 0.293203 0.516984
vt 0.257803 0.455502
vt 0.283263 0.459906
vt 0.741199 0.427177
vt 0.739974 0.478979
vt 0.732415 0.518632
vt 0.725493 0.479421
vt 0.672558 0.490202
vt 0.712275 0.511515
vt 0.676021 0.431701
vt 0.637581 0.466484
vt 0.650029 0.522717
vt 0.693115 0.549609
vt 0.752555 0.525748
vt 0.715734 0.561035
vt 0.792905 0.534288
vt 0.738352 0.572462
vt 0.877846 0.549845
vt 0.822161 0.598862
vt 0.831979 0.539426
vt 0.802103 0.593771
vt 0.882931 0.490137
vt 0.835087 0.481614
vt 0.814117 0.481084
vt 0.812442 0.536857
vt 0.828778 0.422638
vt 0.805243 0.423807
vt 0.754454 0.478537
vt 0.781708 0.424976
vt 0.793147 0.480554
vt 0.820674 0.373024
vt 0.787841 0.370036
vt 0.755007 0.367047
vt 0.822536 0.337995
vt 0.880367 0.376156
vt 0.801199 0.340308
vt 0.932390 0.383385
vt 0.881982 0.429404
vt 0.934509 0.441413
vt 0.988570 0.450338
vt 0.934606 0.504315
vt 0.932234 0.562051
vt 0.995140 0.514091
vt 0.068330 0.533754
vt 0.004129 0.593039
vt 0.000186 0.532505
vt 0.929115 0.611752
vt 0.999814 0.569909
vt 0.999553 0.615961
vt 0.082110 0.590804
vt 0.005682 0.643526
vt 0.154451 0.574313
vt 0.089987 0.644544
vt 0.300986 0.598394
vt 0.172733 0.634315
vt 0.349552 0.572062
vt 0.325754 0.586142
vt 0.315688 0.507085
vt 0.477744 0.443608
vt 0.362375 0.378362
vt 0.439734 0.375903
vt 0.461581 0.406843
vt 0.471545 0.332475
vt 0.432236 0.351657
vt 0.460590 0.316966
vt 0.584872 0.650088
vt 0.628908 0.661263
vt 0.612850 0.688266
vt 0.629518 0.941242
vt 0.591619 0.941645
vt 0.612158 0.913880
vt 0.595271 0.891297
vt 0.625995 0.894546
vt 0.663777 0.900934
vt 0.636757 0.879061
vt 0.589424 0.848877
vt 0.619461 0.860001
vt 0.609584 0.875007
vt 0.607032 0.765761
vt 0.585207 0.772524
vt 0.604948 0.756086
vt 0.603484 0.748739
vt 0.627719 0.742633
vt 0.644232 0.731522
vt 0.627746 0.732228
vt 0.643125 0.721163
vt 0.624374 0.699058
vt 0.649130 0.698230
vt 0.634603 0.712299
vt 0.619435 0.725717
vt 0.261153 0.341259
vt 0.315481 0.300795
vt 0.279025 0.357989
vt 0.584635 0.732234
vt 0.609988 0.717314
vt 0.591106 0.737725
vt 0.574039 0.864204
vt 0.557269 0.836902
vt 0.564344 0.831622
vt 0.330694 0.305952
vt 0.300777 0.369451
vt 0.330559 0.373082
vt 0.659690 0.707608
vt 0.228704 0.417253
vt 0.662535 0.724201
vt 0.246014 0.319904
vt 0.209615 0.385372
vt 0.193565 0.351454
vt 0.103606 0.417028
vt 0.054172 0.411962
vt 0.113757 0.468026
vt 0.056702 0.472884
vt 0.132259 0.519075
vt 0.270681 0.526019
vt 0.000186 0.464260
vt 0.057990 0.354203
vt 0.005036 0.399963
vt 0.011222 0.342342
vt 0.981544 0.389047
vt 0.104499 0.302181
vt 0.066575 0.297931
vt 0.100864 0.363314
vt 0.103134 0.257628
vt 0.072184 0.264585
vt 0.038495 0.260369
vt 0.016364 0.286978
vt 0.099241 0.245146
vt 0.072971 0.254216
vt 0.000499 0.810258
vt 0.020614 0.831284
vt 0.012928 0.834674
vt 0.000186 0.787862
vt 0.006850 0.786500
vt 0.000623 0.770959
vt 0.951460 0.213460
vt 0.933674 0.217223
vt 0.902961 0.223401
vt 0.912808 0.254177
vt 0.867312 0.230264
vt 0.147941 0.248743
vt 0.183342 0.310095
vt 0.221698 0.230288
vt 0.232822 0.294715
vt 0.286617 0.266209
vt 0.270935 0.228524
vt 0.286852 0.226992
vt 0.296133 0.279120
vt 0.310564 0.266690
vt 0.302254 0.257307
vt 0.642099 0.757181
vt 0.623058 0.756238
vt 0.636256 0.749014
vt 0.659280 0.735427
vt 0.607729 0.773925
vt 0.641532 0.781489
vt 0.625334 0.765477
vt 0.618992 0.820252
vt 0.597313 0.807613
vt 0.621605 0.809694
vt 0.593604 0.818581
vt 0.612243 0.831363
vt 0.645585 0.795474
vt 0.668575 0.814112
vt 0.641159 0.825658
vt 0.646875 0.811574
vt 0.689763 0.792493
vt 0.663777 0.794057
vt 0.268151 0.202630
vt 0.286771 0.179647
vt 0.284807 0.204844
vt 0.683562 0.772462
vt 0.220310 0.198188
vt 0.269691 0.173150
vt 0.148088 0.200049
vt 0.278670 0.143867
vt 0.217807 0.162795
vt 0.150010 0.110587
vt 0.295580 0.155519
vt 0.629581 0.845463
vt 0.664852 0.832649
vt 0.652975 0.859655
vt 0.320038 0.125910
vt 0.345905 0.095001
vt 0.342056 0.048734
vt 0.283731 0.000362
vt 0.156010 0.057814
vt 0.229652 0.000186
vt 0.083442 0.050695
vt 0.107540 0.001771
vt 0.106717 0.053769
vt 0.157126 0.001114
vt 0.970483 0.045205
vt 0.999303 0.002127
vt 0.999753 0.049002
vt 0.713193 0.706992
vt 0.715393 0.725637
vt 0.704611 0.721159
vt 0.711285 0.744772
vt 0.716927 0.785931
vt 0.696949 0.743326
vt 0.732723 0.837905
vt 0.694849 0.787617
vt 0.634930 0.103523
vt 0.666704 0.078592
vt 0.694990 0.842454
vt 0.750222 0.894063
vt 0.694849 0.901252
vt 0.640033 0.165009
vt 0.580565 0.473738
vt 0.594144 0.423650
vt 0.611519 0.442962
vt 0.646688 0.395871
vt 0.693355 0.381839
vt 0.659568 0.413966
vt 0.698563 0.388921
vt 0.117871 0.757859
vt 0.129952 0.768953
vt 0.117956 0.774235
vt 0.688577 0.264690
vt 0.670500 0.218154
vt 0.119546 0.783503
vt 0.105960 0.779518
vt 0.159066 0.768323
vt 0.131756 0.778719
vt 0.122762 0.793013
vt 0.107336 0.788288
vt 0.167126 0.741670
vt 0.162969 0.764471
vt 0.174254 0.743896
vt 0.177428 0.720642
vt 0.157051 0.688972
vt 0.176662 0.716182
vt 0.106066 0.669497
vt 0.140521 0.668700
vt 0.126574 0.683579
vt 0.164241 0.665379
vt 0.877207 0.296060
vt 0.824100 0.310105
vt 0.188164 0.665553
vt 0.880322 0.333218
vt 0.122088 0.734431
vt 0.723994 0.198569
vt 0.703791 0.259307
vt 0.121859 0.707249
vt 0.768665 0.256244
vt 0.733839 0.263750
vt 0.611892 0.496491
vt 0.530443 0.383772
vt 0.500885 0.358996
vt 0.556897 0.352457
vt 0.523882 0.326456
vt 0.490085 0.303367
vt 0.375489 0.108293
vt 0.349944 0.111893
vt 0.683694 0.875605
vt 0.377170 0.090547
vt 0.343424 0.003288
vt 0.378917 0.048861
vt 0.800607 0.864056
vt 0.770999 0.820997
vt 0.836804 0.817547
vt 0.797770 0.793439
vt 0.812546 0.766425
vt 0.771842 0.749183
vt 0.822066 0.744810
vt 0.853074 0.786890
vt 0.781036 0.731879
vt 0.787263 0.717478
vt 0.755910 0.710969
vt 0.747726 0.722667
vt 0.742159 0.705736
vt 0.732932 0.717287
vt 0.732391 0.699881
vt 0.722649 0.712507
vt 0.742500 0.689396
vt 0.733742 0.681483
vt 0.723430 0.693215
vt 0.744724 0.670923
vt 0.758275 0.659857
vt 0.799773 0.667839
vt 0.789888 0.638838
vt 0.834465 0.659831
vt 0.797792 0.689215
vt 0.839625 0.692734
vt 0.851970 0.652274
vt 0.835754 0.713242
vt 0.872229 0.717096
vt 0.867742 0.688044
vt 0.829675 0.728594
vt 0.792491 0.704507
vt 0.869274 0.739641
vt 0.972978 0.001375
vt 0.956982 0.043079
vt 0.960598 0.000186
vt 0.829952 0.616333
vt 0.946809 0.081957
vt 0.964908 0.088613
vt 0.997689 0.096639
vt 0.863273 0.762532
vt 0.860808 0.133936
vt 0.825228 0.138532
vt 0.011204 0.748277
vt 0.570423 0.826791
vt 0.568663 0.719368
vt 0.600214 0.708774
vt 0.580081 0.905591
vt 0.870217 0.606641
vt 0.014617 0.724446
vt 0.069916 0.661085
vt 0.073179 0.644916
vt 0.055854 0.748388
vt 0.034909 0.736273
vt 0.158887 0.818191
vt 0.176773 0.799899
vt 0.188370 0.813417
vt 0.079711 0.821847
vt 0.063301 0.729460
vt 0.064519 0.778620
vt 0.085551 0.773121
vt 0.104081 0.754340
vt 0.102329 0.765131
vt 0.079792 0.747792
vt 0.081854 0.710172
vt 0.080885 0.681536
vt 0.019310 0.752018
vt 0.060453 0.787952
vt 0.076508 0.711806
vt 0.086314 0.829942
vt 0.073209 0.805070
vt 0.133403 0.235990
vt 0.960919 0.211876
vt 0.969710 0.226996
vt 0.984207 0.249065
vt 0.988951 0.239532
vt 0.066774 0.166941
vt 0.351802 0.322114
vt 0.694266 0.839992
vt 0.657510 0.777938
vt 0.694477 0.815742
vt 0.666467 0.745030
vt 0.575521 0.684835
vt 0.300415 0.286063
vt 0.647118 0.919389
vt 0.600761 0.839468
vt 0.563108 0.755041
vt 0.570058 0.756971
vt 0.597043 0.797509
vt 0.587820 0.777022
vt 0.590132 0.783528
vt 0.564191 0.873324
vt 0.573413 0.759795
vt 0.583292 0.767539
vt 0.597408 0.743099
vt 0.578629 0.822080
vt 0.310427 0.278900
vt 0.319720 0.294253
vt 0.372203 0.323445
vt 0.353017 0.310112
vt 0.334102 0.298760
vt 0.371601 0.340567
vt 0.309322 0.463798
vt 0.585887 0.796259
vt 0.587901 0.786940
vt 0.576821 0.762530
vt 0.638843 0.680429
vt 0.596745 0.813995
vt 0.578792 0.816516
vt 0.581660 0.809188
vt 0.583894 0.804923
vt 0.569968 0.813876
vt 0.572938 0.806398
vt 0.572595 0.789378
vt 0.581673 0.783584
vt 0.578838 0.790858
vt 0.575948 0.799047
vt 0.565869 0.803289
vt 0.557269 0.803790
vt 0.557938 0.796039
vt 0.562950 0.810719
vt 0.563832 0.788682
vt 0.576220 0.783112
vt 0.568564 0.795909
vt 0.560833 0.792328
vt 0.104453 0.700204
vt 0.109081 0.734277
vt 0.104453 0.763640
vt 0.183078 0.644916
vt 0.156197 0.646554
vt 0.123991 0.648428
vt 0.779863 0.342620
vt 0.782045 0.588680
vt 0.731047 0.379065
vt 0.118158 0.808574
vt 0.909849 0.118836
vt 0.094906 0.169271
vt 0.980216 0.193564
vt 0.585969 0.616333
vt 0.601569 0.976116
vt 0.110359 0.798247
vt 0.162038 0.776567
vt 0.193249 0.686191
vt 0.381454 0.006267
vt 0.817574 0.623387
vt 0.188292 0.834606
vt 0.044677 0.251670
vt 0.133416 0.202075
vt 0.570506 0.782899
vt 0.082452 0.002171
vt 0.611953 0.122955
vt 0.557269 0.455644
vt 0.475915 0.293280
s 1
usemtl Material.001
f 357/1/1 40/2/2 351/3/3
f 68/4/4 71/5/5 69/6/6
f 71/5/5 70/7/7 69/6/6
f 313/8/8 220/9/9 304/10/10
f 76/11/11 41/12/12 77/13/13
f 43/14/14 315/15/15 314/16/16
f 307/17/17 222/18/18 315/15/15
f 317/19/19 74/20/20 306/21/21
f 80/22/22 42/23/23 78/24/24
f 310/25/25 121/26/26 316/27/27
f 76/11/11 43/14/14 81/28/28
f 42/29/23 311/30/29 310/25/25
f 83/31/30 44/32/31 84/33/32
f 44/32/31 87/34/33 86/35/34
f 85/36/35 44/32/31 86/35/34
f 323/37/36 88/38/37 325/39/38
f 91/40/39 46/41/40 92/42/41
f 90/43/42 93/44/43 46/41/40
f 95/45/44 46/41/40 93/44/43
f 95/45/44 47/46/45 96/47/46
f 93/44/43 97/48/47 47/46/45
f 97/48/47 96/47/46 47/46/45
f 100/49/48 48/50/49 101/51/50
f 102/52/51 48/53/49 103/54/52
f 106/55/53 104/56/54 49/57/55
f 108/58/56 49/57/55 104/56/54
f 109/59/57 49/57/55 110/60/58
f 112/61/59 50/62/60 113/63/61
f 99/64/62 113/65/61 50/66/60
f 115/67/63 51/68/64 116/69/65
f 51/68/64 119/70/66 118/71/67
f 117/72/68 51/68/64 118/71/67
f 319/73/69 120/74/70 327/75/71
f 327/76/71 123/77/72 52/78/73
f 126/79/74 52/78/73 123/77/72
f 126/79/74 53/80/75 127/81/76
f 124/82/77 318/83/78 321/84/79
f 318/85/78 129/86/80 53/87/75
f 133/88/81 131/89/82 54/90/83
f 391/91/84 102/52/51 103/54/52
f 395/92/85 54/90/83 391/93/84
f 136/94/86 55/95/87 137/96/88
f 55/95/87 140/97/89 139/98/90
f 138/99/91 55/95/87 139/98/90
f 142/100/92 56/101/93 143/102/94
f 141/103/95 144/104/96 56/101/93
f 146/105/97 56/101/93 144/104/96
f 148/106/98 57/107/99 149/108/100
f 150/109/101 57/107/99 151/110/102
f 147/111/103 151/110/102 57/107/99
f 376/112/104 58/113/105 373/114/106
f 134/115/107 398/116/108 395/92/85
f 392/117/109 59/118/110 398/116/108
f 160/119/111 59/118/110 158/120/112
f 132/121/113 160/119/111 161/122/114
f 2/123/115 161/122/114 160/119/111
f 3/124/116 160/119/111 158/120/112
f 159/125/117 396/126/118 392/117/109
f 162/127/119 4/128/120 159/125/117
f 163/129/121 25/130/122 164/131/123
f 397/132/124 164/131/123 25/130/122
f 165/133/125 164/131/123 166/134/126
f 400/135/127 164/131/123 393/136/128
f 168/137/129 400/135/127 390/138/130
f 157/139/131 169/140/132 167/141/133
f 159/125/117 167/141/133 162/127/119
f 170/142/134 390/138/130 407/143/135
f 134/115/107 171/144/136 169/140/132
f 174/145/137 172/146/138 170/142/134
f 404/147/139 170/142/134 407/143/135
f 172/146/138 168/137/129 170/142/134
f 177/148/140 175/149/141 172/146/138
f 166/134/126 175/149/141 165/133/125
f 176/150/142 165/133/125 175/149/141
f 180/151/143 178/152/144 176/150/142
f 163/129/121 178/152/144 181/153/145
f 179/154/146 181/153/145 178/152/144
f 184/155/147 182/156/148 179/157/146
f 6/158/149 182/159/148 26/160/150
f 183/161/151 26/162/150 182/156/148
f 185/163/152 27/164/153 183/161/151
f 185/163/152 28/165/154 7/166/155
f 376/112/104 29/167/156 374/168/157
f 155/169/158 19/170/159 29/167/156
f 202/171/160 187/172/161 186/173/162
f 188/174/163 362/175/164 189/176/165
f 337/177/166 365/178/167 341/179/168
f 189/180/165 337/181/166 332/182/169
f 190/183/170 333/184/171 332/182/169
f 248/185/172 333/184/171 342/186/173
f 350/187/174 193/188/175 191/189/176
f 349/190/177 196/191/178 353/192/179
f 355/193/180 198/194/181 353/192/179
f 338/195/182 199/196/183 340/197/184
f 377/198/185 364/199/186 343/200/187
f 355/193/180 200/201/188 199/196/183
f 205/202/189 368/203/190 204/204/191
f 348/205/192 375/206/193 378/207/194
f 354/208/195 344/209/196 303/210/197
f 204/204/191 363/211/198 203/212/199
f 373/114/106 203/212/199 372/213/200
f 343/200/187 367/214/201 340/197/184
f 153/215/202 203/212/199 58/113/105
f 369/216/203 340/197/184 367/214/201
f 153/215/202 205/202/189 204/204/191
f 207/217/204 206/218/205 208/219/206
f 210/220/207 208/219/206 206/218/205
f 153/215/202 210/220/207 206/218/205
f 212/221/208 211/222/209 213/223/210
f 214/224/211 213/223/210 211/222/209
f 153/215/202 214/224/211 211/222/209
f 185/163/152 184/155/147 214/224/211
f 154/225/212 214/224/211 58/113/105
f 180/226/143 212/221/208 213/223/210
f 179/157/146 213/223/210 184/155/147
f 216/227/213 215/228/214 110/229/58
f 177/148/140 110/60/58 215/230/214
f 176/150/142 215/230/214 180/151/143
f 217/231/215 216/227/213 218/232/216
f 110/229/58 218/232/216 216/227/213
f 209/233/217 212/221/208 216/227/213
f 89/234/218 218/232/216 219/235/219
f 107/236/220 218/232/216 49/237/55
f 323/238/36 219/235/219 320/239/221
f 322/240/222 73/241/223 320/242/221
f 324/243/224 220/9/9 322/240/222
f 304/10/10 221/244/225 307/17/17
f 328/245/226 221/244/225 324/243/224
f 117/72/68 223/246/227 224/247/228
f 104/56/54 223/246/227 108/58/56
f 225/248/229 117/72/68 224/247/228
f 105/249/230 224/247/228 104/56/54
f 83/31/30 225/248/229 82/250/231
f 87/34/33 225/248/229 105/249/230
f 45/251/232 217/231/215 89/234/218
f 226/252/233 209/233/217 217/231/215
f 229/253/234 226/252/233 45/251/232
f 227/254/235 208/219/206 226/252/233
f 230/255/236 229/253/234 228/256/237
f 244/257/238 230/255/236 228/256/237
f 232/258/239 227/254/235 230/255/236
f 233/259/240 230/255/236 231/260/241
f 331/261/242 197/262/243 329/263/244
f 338/195/182 233/264/240 329/263/244
f 40/2/2 347/265/245 351/3/3
f 331/261/242 61/266/246 234/267/247
f 349/190/177 234/267/247 347/265/245
f 361/268/248 236/269/249 356/270/250
f 345/271/251 361/268/248 360/272/252
f 62/273/253 356/270/250 357/1/1
f 334/274/254 237/275/255 238/276/256
f 241/277/257 334/274/254 335/278/258
f 243/279/259 240/280/260 241/281/257
f 228/256/237 241/281/257 244/257/238
f 335/278/258 244/282/238 241/277/257
f 246/283/261 242/284/262 243/279/259
f 229/253/234 243/279/259 228/256/237
f 52/78/73 246/283/261 122/285/263
f 229/253/234 122/285/263 246/283/261
f 72/286/264 245/287/265 71/5/5
f 125/288/266 245/287/265 52/78/73
f 239/289/267 242/284/262 72/286/264
f 66/290/268 330/291/269 339/292/270
f 72/286/264 247/293/271 239/289/267
f 249/294/272 247/293/271 68/4/4
f 250/295/273 68/4/4 69/6/6
f 30/296/274 250/295/273 69/6/6
f 70/7/7 30/296/274 69/6/6
f 251/297/275 9/298/276 70/7/7
f 252/299/277 11/300/278 253/301/279
f 10/302/280 253/301/279 11/300/278
f 254/303/281 12/304/282 252/305/277
f 15/306/283 255/307/284 17/308/285
f 257/309/286 17/308/285 255/307/284
f 143/102/94 258/310/287 257/309/286
f 255/307/284 143/102/94 257/309/286
f 258/310/287 31/311/288 257/309/286
f 259/312/289 32/313/290 258/310/287
f 138/99/91 33/314/291 34/315/292
f 18/316/293 138/317/91 34/318/292
f 260/319/294 33/314/291 139/98/90
f 140/97/89 260/319/294 139/98/90
f 36/320/295 260/321/294 262/322/296
f 261/323/297 262/322/296 260/321/294
f 265/324/298 263/325/299 261/323/297
f 161/122/114 263/325/299 132/121/113
f 264/326/300 132/121/113 263/325/299
f 408/327/301 98/328/302 399/329/303
f 140/97/89 265/330/298 261/331/297
f 402/332/304 265/333/298 399/329/303
f 98/328/302 268/334/305 267/335/306
f 403/336/307 264/337/300 402/332/304
f 268/334/305 102/52/51 267/335/306
f 94/338/308 268/339/305 97/48/47
f 100/49/48 268/339/305 269/340/309
f 94/338/308 270/341/310 269/340/309
f 113/65/61 269/340/309 270/341/310
f 90/43/42 271/342/311 270/343/310
f 112/61/59 270/343/310 271/342/311
f 85/344/35 394/345/312 406/346/313
f 409/347/314 271/342/311 394/345/312
f 86/35/34 273/348/315 272/349/316
f 404/350/139 112/61/59 409/347/314
f 173/351/317 272/349/316 273/348/315
f 105/249/230 273/348/315 87/34/33
f 106/55/53 173/351/317 273/348/315
f 405/352/318 96/47/46 408/327/301
f 135/353/319 266/354/320 140/97/89
f 92/42/41 405/352/318 401/355/321
f 135/353/319 275/356/322 274/357/323
f 91/40/39 401/355/321 406/346/313
f 136/94/86 85/36/35 275/356/322
f 1/358/324 262/322/296 161/122/114
f 186/173/162 20/359/325 19/170/159
f 187/172/161 276/360/326 186/173/162
f 21/361/327 276/360/326 277/362/328
f 188/174/163 277/362/328 276/360/326
f 189/176/165 278/363/329 188/174/163
f 249/294/272 279/364/330 248/365/172
f 342/186/173 247/366/271 248/185/172
f 250/295/273 278/367/329 249/294/272
f 8/368/331 277/369/328 250/295/273
f 137/370/88 259/312/289 280/371/332
f 146/105/97 259/312/289 258/310/287
f 281/372/333 280/371/332 282/373/334
f 144/104/96 280/371/332 146/105/97
f 284/374/335 281/372/333 282/373/334
f 145/375/336 282/373/334 144/104/96
f 285/376/337 283/377/338 284/374/335
f 286/378/339 284/374/335 145/375/336
f 288/379/340 285/376/337 286/378/339
f 289/380/341 286/378/339 290/381/342
f 145/375/336 290/381/342 286/378/339
f 291/382/343 290/381/342 292/383/344
f 141/103/95 292/383/344 290/381/342
f 293/384/345 292/383/344 256/385/346
f 142/100/92 256/385/346 292/383/344
f 152/386/347 291/382/343 293/384/345
f 22/387/348 293/384/345 16/388/349
f 256/385/346 16/388/349 293/384/345
f 37/389/350 152/386/347 22/387/348
f 150/109/101 37/389/350 38/390/351
f 294/391/352 38/390/351 39/392/353
f 39/392/353 295/393/354 294/391/352
f 296/394/355 150/109/101 294/391/352
f 297/395/356 294/391/352 295/393/354
f 299/396/357 297/395/356 295/393/354
f 301/397/358 296/394/355 297/395/356
f 119/398/66 297/395/356 298/399/359
f 287/400/360 300/401/361 301/397/358
f 114/402/362 301/397/358 119/398/66
f 149/108/100 300/401/361 148/106/98
f 288/379/340 148/106/98 300/401/361
f 13/403/363 299/404/357 14/405/364
f 295/393/354 14/406/364 299/396/357
f 254/303/281 298/407/359 299/404/357
f 252/305/277 302/408/365 254/303/281
f 119/70/66 302/408/365 118/71/67
f 127/409/76 118/71/67 302/408/365
f 147/111/103 289/380/341 291/382/343
f 115/410/63 287/400/360 114/402/362
f 115/67/63 83/31/30 283/411/338
f 83/31/30 281/412/333 283/411/338
f 136/94/86 281/412/333 84/33/32
f 326/413/366 222/18/18 328/245/226
f 127/81/76 253/301/279 126/79/74
f 251/297/275 126/79/74 253/301/279
f 71/5/5 251/297/275 70/7/7
f 350/187/174 303/210/197 192/414/367
f 359/415/368 201/416/369 348/205/192
f 332/182/169 67/417/370 190/183/170
f 24/418/371 181/153/145 6/158/149
f 172/146/138 109/59/57 177/148/140
f 117/72/68 53/87/75 129/86/80
f 311/30/29 128/419/372 124/82/77
f 88/420/37 319/73/69 325/421/38
f 81/422/28 314/16/16 312/423/373
f 171/424/136 48/53/49 99/425/62
f 50/426/60 171/424/136 99/425/62
f 313/8/8 308/427/374 306/21/21
f 79/428/375 312/423/373 311/30/29
f 75/429/376 80/22/22 305/430/377
f 80/22/22 309/431/378 308/432/374
f 80/22/22 81/28/28 79/433/375
f 309/434/378 316/27/27 317/435/19
f 317/435/19 121/26/26 88/420/37
f 74/20/20 313/8/8 306/21/21
f 312/423/373 130/436/379 128/419/372
f 304/10/10 41/12/12 75/437/376
f 310/25/25 124/82/77 120/74/70
f 42/29/23 316/27/27 78/438/24
f 309/439/378 306/21/21 308/427/374
f 41/12/12 315/15/15 77/13/13
f 130/436/379 315/15/15 222/18/18
f 313/8/8 75/437/376 305/440/377
f 325/441/38 122/285/263 45/251/232
f 129/86/80 328/442/226 223/246/227
f 108/58/56 328/442/226 324/443/224
f 107/444/220 324/443/224 322/445/222
f 107/236/220 320/239/221 219/235/219
f 73/241/223 323/37/36 320/242/221
f 128/419/372 326/413/366 318/83/78
f 123/77/72 318/446/78 53/80/75
f 120/74/70 321/84/79 327/75/71
f 122/285/263 327/76/71 52/78/73
f 89/234/218 325/441/38 45/251/232
f 380/447/380 202/171/160 372/213/200
f 193/188/175 339/292/270 342/186/173
f 339/292/270 239/448/267 247/366/271
f 62/273/253 336/449/381 335/278/258
f 335/278/258 238/276/256 62/273/253
f 240/450/260 330/291/269 334/274/254
f 231/451/241 336/449/381 331/261/242
f 198/194/181 329/263/244 197/262/243
f 231/451/241 329/263/244 233/264/240
f 67/452/370 341/179/168 201/416/369
f 375/206/193 343/200/187 200/201/188
f 343/200/187 199/196/183 200/201/188
f 370/453/382 207/217/204 232/258/239
f 342/186/173 191/189/176 193/188/175
f 332/182/169 279/454/330 189/180/165
f 358/455/383 345/271/251 360/272/252
f 193/188/175 360/272/252 66/290/268
f 344/456/196 348/205/192 65/457/384
f 191/189/176 354/208/195 350/187/174
f 357/1/1 236/269/249 60/458/385
f 66/290/268 361/268/248 237/275/255
f 237/275/255 356/270/250 238/276/256
f 195/459/386 347/265/245 235/460/387
f 351/3/3 234/267/247 61/266/246
f 190/183/170 359/461/368 354/208/195
f 65/457/384 378/207/194 371/462/388
f 63/463/389 352/464/390 355/193/180
f 63/463/389 353/192/179 196/191/178
f 197/262/243 353/192/179 198/194/181
f 194/465/391 350/187/174 192/414/367
f 61/266/246 357/1/1 351/3/3
f 369/466/203 232/258/239 233/259/240
f 370/453/382 367/467/201 368/203/190
f 365/468/167 380/447/380 379/469/392
f 363/211/198 367/467/201 364/470/186
f 362/175/164 366/471/393 365/468/167
f 156/472/394 186/173/162 155/169/158
f 40/2/2 381/473/395 235/474/387
f 379/469/392 363/211/198 364/470/186
f 64/475/396 378/207/194 352/464/390
f 201/416/369 377/198/185 375/206/193
f 363/211/198 372/213/200 203/212/199
f 156/472/394 372/213/200 202/171/160
f 352/464/390 375/206/193 200/201/188
f 341/179/168 379/476/392 377/198/185
f 154/225/212 374/168/157 28/165/154
f 155/169/158 373/114/106 156/472/394
f 346/477/397 194/478/391 383/479/398
f 236/269/249 383/479/398 382/480/399
f 60/458/385 382/480/399 381/473/395
f 383/479/398 192/481/367 384/482/400
f 387/483/401 195/484/386 386/485/402
f 382/480/399 384/482/400 385/486/403
f 381/473/395 385/486/403 386/485/402
f 235/474/387 386/485/402 195/484/386
f 389/487/404 344/488/196 65/489/384
f 389/487/404 192/481/367 303/490/197
f 64/491/396 196/492/178 387/483/401
f 389/487/404 385/486/403 384/482/400
f 65/489/384 388/493/405 389/487/404
f 371/494/388 387/483/401 388/493/405
f 388/493/405 386/485/402 385/486/403
f 406/346/313 275/495/322 85/344/35
f 401/355/321 274/496/323 275/495/322
f 274/496/323 408/327/301 266/497/320
f 174/498/137 409/347/314 272/499/316
f 272/499/316 394/345/312 86/500/34
f 91/40/39 394/345/312 271/342/311
f 403/336/307 267/335/306 102/52/51
f 267/335/306 399/329/303 98/328/302
f 266/497/320 399/329/303 265/333/298
f 111/501/406 407/143/135 171/144/136
f 407/143/135 169/140/132 171/144/136
f 390/138/130 167/141/133 169/140/132
f 167/141/133 393/136/128 162/127/119
f 5/502/407 393/136/128 397/132/124
f 158/120/112 396/126/118 3/124/116
f 159/125/117 398/116/108 157/139/131
f 395/92/85 59/118/110 133/88/81
f 134/115/107 391/93/84 103/503/52
f 54/504/83 403/336/307 391/91/84
f 410/2/408 727/1/409 721/3/410
f 441/5/411 438/4/412 439/6/413
f 441/5/411 439/6/413 440/7/414
f 683/8/415 590/9/416 443/241/417
f 411/12/418 446/11/419 447/13/420
f 685/15/421 413/14/422 684/16/423
f 677/17/424 592/18/425 591/244/426
f 444/20/427 687/19/428 676/21/429
f 412/23/430 450/22/431 448/24/432
f 680/25/433 491/26/434 490/74/435
f 413/14/422 446/11/419 451/28/436
f 681/30/437 412/29/430 680/25/433
f 414/32/438 453/31/439 454/33/440
f 414/32/438 457/34/441 452/250/442
f 414/32/438 455/36/443 456/35/444
f 693/37/445 458/38/446 444/20/427
f 416/41/447 461/40/448 462/42/449
f 460/43/450 463/44/451 464/338/452
f 416/41/447 465/45/453 463/44/451
f 417/46/454 465/45/453 466/47/455
f 463/44/451 467/48/456 464/338/452
f 467/48/456 466/47/455 468/328/457
f 418/50/458 470/49/459 471/51/460
f 418/53/458 472/52/461 473/54/462
f 476/55/463 474/56/464 475/249/465
f 419/57/466 478/58/467 474/56/464
f 419/57/466 479/59/468 480/60/469
f 420/62/470 482/61/471 483/63/472
f 469/64/473 483/65/472 470/49/459
f 421/68/474 485/67/475 486/69/476
f 421/68/474 489/70/477 484/505/478
f 421/68/474 487/72/479 488/71/480
f 689/73/481 490/74/435 491/26/434
f 697/76/482 493/77/483 691/506/484
f 422/78/485 496/79/486 493/77/483
f 423/80/487 496/79/486 497/81/488
f 688/83/489 494/82/490 691/84/484
f 688/85/489 499/86/491 696/507/492
f 503/88/493 501/89/494 502/121/495
f 760/91/496 472/52/461 770/336/497
f 424/90/498 764/92/499 760/93/496
f 425/95/500 506/94/501 507/96/502
f 425/95/500 510/97/503 505/353/504
f 425/95/500 508/99/505 509/98/506
f 426/101/507 512/100/508 513/102/509
f 511/103/510 514/104/511 515/375/512
f 426/101/507 516/105/513 514/104/511
f 427/107/514 518/106/515 519/108/516
f 427/107/514 520/109/517 521/110/518
f 517/111/519 521/110/518 522/386/520
f 428/113/521 745/112/522 743/114/523
f 765/116/524 504/115/525 764/92/499
f 429/118/526 761/117/527 765/116/524
f 429/118/526 530/119/528 528/120/529
f 530/119/528 502/121/495 531/122/530
f 2/123/115 531/122/530 1/358/324
f 530/119/528 3/124/116 528/120/529
f 396/126/118 529/125/531 761/117/527
f 4/128/120 532/127/532 529/125/531
f 25/130/122 533/129/533 534/131/534
f 397/132/124 534/131/534 762/136/535
f 534/131/534 535/133/536 536/134/537
f 534/131/534 767/135/538 762/136/535
f 767/135/538 538/137/539 759/138/540
f 527/139/541 539/140/542 504/115/525
f 537/141/543 529/125/531 532/127/532
f 759/138/540 540/142/544 774/143/545
f 504/115/525 541/144/546 473/503/462
f 544/145/547 542/146/548 543/351/549
f 540/142/544 771/147/550 774/143/545
f 542/146/548 538/137/539 545/149/551
f 545/149/551 547/148/552 542/146/548
f 545/149/551 536/134/537 535/133/536
f 546/150/553 535/133/536 548/152/554
f 548/152/554 550/151/555 546/150/553
f 548/152/554 533/129/533 551/153/556
f 549/154/557 551/153/556 552/159/558
f 552/156/558 554/155/559 549/157/557
f 552/159/558 6/158/149 26/160/150
f 553/161/560 26/162/150 27/164/153
f 27/164/153 555/163/561 553/161/560
f 28/165/154 555/163/561 7/166/155
f 745/112/522 29/167/156 525/169/562
f 525/169/562 19/170/159 556/173/563
f 572/171/564 557/172/565 736/471/566
f 732/175/567 558/174/568 559/176/569
f 707/177/570 735/178/571 732/508/567
f 559/180/569 707/181/570 732/509/567
f 703/184/572 560/183/573 702/182/574
f 703/184/572 618/185/575 712/186/576
f 720/187/577 563/188/578 728/455/579
f 566/191/580 719/190/581 723/192/582
f 725/193/583 568/194/584 569/196/585
f 569/196/585 708/195/586 710/197/587
f 746/198/588 734/199/589 748/476/590
f 725/193/583 570/201/591 722/464/592
f 575/202/593 738/203/594 740/453/595
f 744/206/596 718/205/597 747/207/598
f 724/208/599 714/209/600 729/461/601
f 574/204/602 733/211/603 738/203/594
f 743/114/523 573/212/604 428/113/521
f 713/200/605 737/214/606 734/199/589
f 573/212/604 523/215/607 428/113/521
f 710/197/587 739/216/608 737/214/606
f 523/215/607 575/202/593 576/218/609
f 576/218/609 577/217/610 578/219/611
f 580/220/612 578/219/611 579/233/613
f 523/215/607 580/220/612 581/222/614
f 581/222/614 582/221/615 583/223/616
f 584/224/617 583/223/616 554/155/559
f 523/215/607 584/224/617 428/113/521
f 555/163/561 554/155/559 553/161/560
f 584/224/617 524/225/618 428/113/521
f 550/226/555 582/221/615 585/228/619
f 583/223/616 549/157/557 554/155/559
f 585/228/619 586/227/620 480/229/469
f 547/148/552 480/60/469 479/59/468
f 585/230/619 546/150/553 550/151/555
f 586/227/620 587/231/621 588/232/622
f 480/229/469 588/232/622 419/237/466
f 579/233/613 582/221/615 580/220/612
f 588/232/622 459/234/623 589/235/624
f 588/232/622 477/236/625 419/237/466
f 589/235/624 693/238/445 690/239/626
f 692/240/627 443/241/417 590/9/416
f 590/9/416 694/243/628 692/240/627
f 674/10/629 591/244/426 590/9/416
f 591/244/426 698/245/630 694/243/628
f 593/246/631 487/72/479 594/247/632
f 593/246/631 474/56/464 478/58/467
f 595/248/633 487/72/479 486/69/476
f 594/247/632 475/249/465 474/56/464
f 595/248/633 453/31/439 452/250/442
f 595/248/633 457/34/441 475/249/465
f 587/231/621 415/251/634 459/234/623
f 596/252/635 579/233/613 578/219/611
f 596/252/635 599/253/636 415/251/634
f 597/254/637 578/219/611 577/217/610
f 599/253/636 600/255/638 598/256/639
f 600/255/638 614/257/640 598/256/639
f 602/258/641 597/254/637 577/217/610
f 600/255/638 603/259/642 601/260/643
f 701/261/644 567/262/645 604/267/646
f 603/264/642 708/195/586 699/263/647
f 717/265/648 410/2/408 721/3/410
f 701/261/644 431/266/649 706/449/650
f 604/267/646 719/190/581 717/265/648
f 606/269/651 731/268/652 726/270/653
f 731/268/652 715/271/654 730/272/655
f 726/270/653 432/273/656 727/1/409
f 704/274/657 607/275/658 700/291/659
f 704/274/657 611/277/660 705/278/661
f 613/279/662 610/280/663 612/284/664
f 611/281/660 598/256/639 614/257/640
f 705/278/661 614/282/640 706/449/650
f 616/283/665 612/284/664 615/287/666
f 613/279/662 599/253/636 598/256/639
f 616/283/665 422/78/485 492/285/667
f 599/253/636 492/285/667 415/251/634
f 615/287/666 442/286/668 441/5/411
f 615/287/666 495/288/669 422/78/485
f 612/284/664 609/289/670 442/286/668
f 700/291/659 436/290/671 709/292/672
f 442/286/668 617/293/673 438/4/412
f 619/294/674 617/293/673 618/365/575
f 438/4/412 620/295/675 439/6/413
f 30/296/274 620/295/675 8/368/331
f 30/296/274 440/7/414 439/6/413
f 9/298/276 621/297/676 440/7/414
f 11/300/278 622/299/677 623/301/678
f 10/302/280 623/301/678 621/297/676
f 12/304/282 624/303/679 622/305/677
f 15/306/283 625/307/680 626/385/681
f 17/308/285 627/309/682 625/307/680
f 513/102/509 628/310/683 516/105/513
f 625/307/680 513/102/509 512/100/508
f 628/310/683 31/311/288 32/313/290
f 32/313/290 629/312/684 628/310/683
f 508/99/505 33/314/291 509/98/506
f 18/316/293 508/317/505 629/312/684
f 33/314/291 630/319/685 509/98/506
f 630/319/685 510/97/503 509/98/506
f 630/321/685 36/320/295 632/322/686
f 631/323/687 632/322/686 633/325/688
f 633/325/688 635/324/689 631/323/687
f 633/325/688 531/122/530 502/121/495
f 634/326/690 502/121/495 501/89/494
f 775/327/691 468/328/457 466/47/455
f 635/330/689 510/97/503 631/331/687
f 635/333/689 769/332/692 766/329/693
f 468/328/457 638/334/694 467/48/456
f 770/336/497 634/337/690 501/510/494
f 638/334/694 472/52/461 471/511/460
f 638/339/694 464/338/452 467/48/456
f 638/339/694 470/49/459 639/340/695
f 464/338/452 640/341/696 460/43/450
f 639/340/695 483/65/472 640/341/696
f 460/43/450 641/342/697 461/40/448
f 640/343/696 482/61/471 641/342/697
f 763/345/698 455/344/443 773/346/699
f 641/342/697 776/347/700 763/345/698
f 456/35/444 643/348/701 457/34/441
f 771/350/550 482/61/471 481/512/702
f 642/349/703 543/351/549 643/348/701
f 643/348/701 475/249/465 457/34/441
f 476/55/463 543/351/549 479/59/468
f 772/352/704 466/47/455 465/45/453
f 636/354/705 505/353/504 510/97/503
f 772/352/704 462/42/449 768/355/706
f 505/353/504 645/356/707 506/94/501
f 768/355/706 461/40/448 773/346/699
f 506/94/501 455/36/443 454/33/440
f 632/322/686 1/358/324 531/122/530
f 556/173/563 20/359/325 646/360/708
f 646/360/708 557/172/565 556/173/563
f 646/360/708 21/361/327 647/362/709
f 558/174/568 647/362/709 648/363/710
f 648/363/710 559/176/569 558/174/568
f 649/364/711 619/294/674 618/365/575
f 712/186/576 617/366/673 709/292/672
f 620/295/675 648/367/710 647/369/709
f 8/368/331 647/369/709 21/513/327
f 629/312/684 507/370/502 650/371/712
f 629/312/684 516/105/513 628/310/683
f 650/371/712 651/372/713 652/373/714
f 650/371/712 514/104/511 516/105/513
f 654/374/715 651/372/713 653/377/716
f 652/373/714 515/375/512 514/104/511
f 655/376/717 653/377/716 485/410/475
f 654/374/715 656/378/718 515/375/512
f 658/379/719 655/376/717 657/400/720
f 656/378/718 659/380/721 660/381/722
f 515/375/512 660/381/722 511/103/510
f 660/381/722 661/382/723 662/383/724
f 511/103/510 662/383/724 512/100/508
f 662/383/724 663/384/725 626/385/681
f 512/100/508 626/385/681 625/307/680
f 522/386/520 661/382/723 517/111/519
f 663/384/725 22/387/348 16/388/349
f 626/385/681 16/388/349 15/306/283
f 37/389/350 522/386/520 521/110/518
f 37/389/350 520/109/517 38/390/351
f 38/390/351 664/391/726 39/392/353
f 39/392/353 665/393/727 23/514/728
f 666/394/729 520/109/517 519/108/516
f 664/391/726 667/395/730 665/393/727
f 667/395/730 669/396/731 665/393/727
f 671/397/732 666/394/729 670/401/733
f 667/395/730 489/398/477 668/399/734
f 657/400/720 670/401/733 658/379/719
f 671/397/732 484/402/478 489/398/477
f 670/401/733 519/108/516 518/106/515
f 658/379/719 518/106/515 659/380/721
f 669/404/731 13/403/363 14/405/364
f 665/393/727 14/406/364 23/514/728
f 624/303/679 668/407/734 672/408/735
f 672/408/735 622/305/677 624/303/679
f 672/408/735 489/70/477 488/71/480
f 497/409/488 488/71/480 423/87/487
f 517/111/519 659/380/721 518/106/515
f 657/400/720 485/410/475 484/402/478
f 485/67/475 453/31/439 486/69/476
f 453/31/439 651/412/713 454/33/440
f 651/412/713 506/94/501 454/33/440
f 696/413/492 592/18/425 500/436/736
f 623/301/678 497/81/488 496/79/486
f 621/297/676 496/79/486 495/288/669
f 621/297/676 441/5/411 440/7/414
f 720/187/577 673/210/737 724/208/599
f 571/416/738 729/415/601 718/205/597
f 702/182/574 437/417/739 707/181/570
f 24/418/371 551/153/556 533/129/533
f 542/146/548 479/59/468 543/351/549
f 487/72/479 423/87/487 488/71/480
f 498/419/740 681/30/437 494/82/490
f 689/73/481 458/420/446 695/421/741
f 684/16/423 451/422/436 682/423/742
f 541/424/546 418/53/458 473/54/462
f 420/426/470 541/424/546 481/515/702
f 678/427/743 683/8/415 676/21/429
f 682/423/742 449/428/744 681/30/437
f 445/429/745 450/22/431 446/11/419
f 679/431/746 448/24/432 450/22/431
f 451/28/436 450/22/431 449/433/744
f 679/434/746 686/27/747 448/438/432
f 687/435/428 491/26/434 686/27/747
f 444/20/427 683/8/415 443/241/417
f 500/436/736 682/423/742 498/419/740
f 411/12/418 674/10/629 445/437/745
f 494/82/490 680/25/433 490/74/435
f 412/29/430 686/27/747 680/25/433
f 676/21/429 679/439/746 678/427/743
f 411/12/418 685/15/421 677/17/424
f 500/436/736 685/15/421 684/16/423
f 445/437/745 683/8/415 675/440/748
f 492/285/667 695/441/741 415/251/634
f 499/86/491 698/442/630 696/507/492
f 478/58/467 698/442/630 593/246/631
f 477/444/625 694/443/628 478/58/467
f 477/236/625 690/239/626 692/516/627
f 443/241/417 693/37/445 444/20/427
f 498/419/740 696/413/492 500/436/736
f 493/77/483 688/446/489 691/506/484
f 490/74/435 691/84/484 494/82/490
f 492/285/667 697/76/482 689/517/481
f 459/234/623 695/441/741 693/238/445
f 572/171/564 749/447/749 742/213/750
f 563/188/578 709/292/672 436/290/671
f 609/448/670 709/292/672 617/366/673
f 432/273/656 706/449/650 431/266/649
f 608/276/751 705/278/661 432/273/656
f 610/450/663 700/291/659 609/448/670
f 601/451/643 706/449/650 614/282/640
f 699/263/647 568/194/584 567/262/645
f 601/451/643 699/263/647 701/261/644
f 437/452/739 711/179/752 707/177/570
f 744/206/596 713/200/605 746/198/588
f 569/196/585 713/200/605 570/201/591
f 577/217/610 740/453/595 602/258/641
f 561/189/753 712/186/576 563/188/578
f 649/454/711 702/182/574 559/180/569
f 715/271/654 728/455/579 730/272/655
f 730/272/655 563/188/578 436/290/671
f 718/205/597 714/456/600 435/457/754
f 561/189/753 724/208/599 560/183/573
f 606/269/651 727/1/409 430/458/755
f 436/290/671 731/268/652 730/272/655
f 726/270/653 607/275/658 608/276/751
f 717/265/648 565/459/756 605/460/757
f 604/267/646 721/3/410 431/266/649
f 560/183/573 729/461/601 437/417/739
f 747/207/598 435/457/754 741/462/758
f 433/463/759 722/464/592 434/475/760
f 433/463/759 723/192/582 725/193/583
f 723/192/582 567/262/645 568/194/584
f 720/187/577 564/465/761 562/414/762
f 431/266/649 727/1/409 432/273/656
f 739/466/608 602/258/641 740/453/595
f 737/467/606 740/453/595 738/203/594
f 749/447/749 735/468/571 748/469/590
f 733/211/603 737/467/606 738/203/594
f 736/471/566 732/175/567 735/468/571
f 556/173/563 526/472/763 525/169/562
f 750/473/764 410/2/408 605/474/757
f 733/211/603 748/469/590 734/470/589
f 434/475/760 747/207/598 741/462/758
f 571/416/738 746/198/588 711/179/752
f 742/213/750 733/211/603 573/212/604
f 526/472/763 742/213/750 743/114/523
f 722/464/592 744/206/596 747/207/598
f 711/179/752 748/476/590 735/178/571
f 524/225/618 374/168/157 745/112/522
f 743/114/523 525/169/562 526/472/763
f 716/477/765 564/478/761 715/271/654
f 752/479/766 606/269/651 751/480/767
f 751/480/767 430/458/755 750/473/764
f 562/481/762 752/479/766 753/482/768
f 756/483/769 565/484/756 566/492/580
f 753/482/768 751/480/767 754/486/770
f 750/473/764 754/486/770 751/480/767
f 605/474/757 755/485/771 750/473/764
f 714/488/600 758/487/772 435/489/754
f 562/481/762 758/487/772 673/490/737
f 434/491/760 566/492/580 433/518/759
f 758/487/772 754/486/770 757/493/773
f 435/489/754 757/493/773 741/494/758
f 741/494/758 756/483/769 434/491/760
f 757/493/773 755/485/771 756/483/769
f 645/495/707 773/346/699 455/344/443
f 644/496/774 768/355/706 645/495/707
f 644/496/774 775/327/691 772/352/704
f 544/498/547 776/347/700 771/350/550
f 763/345/698 642/499/703 456/500/444
f 461/40/448 763/345/698 773/346/699
f 637/335/775 770/336/497 472/52/461
f 766/329/693 637/335/775 468/328/457
f 636/497/705 766/329/693 775/327/691
f 774/143/545 481/501/702 541/144/546
f 539/140/542 774/143/545 541/144/546
f 537/141/543 759/138/540 539/140/542
f 762/136/535 537/141/543 532/127/532
f 5/502/407 762/136/535 532/127/532
f 528/120/529 396/126/118 761/117/527
f 765/116/524 529/125/531 527/139/541
f 429/118/526 764/92/499 503/88/493
f 760/93/496 504/115/525 473/503/462
f 424/504/498 770/336/497 501/510/494
f 357/1/1 60/458/385 40/2/2
f 68/4/4 72/286/264 71/5/5
f 313/8/8 73/241/223 220/9/9
f 76/11/11 75/429/376 41/12/12
f 43/14/14 77/13/13 315/15/15
f 307/17/17 221/244/225 222/18/18
f 317/19/19 88/38/37 74/20/20
f 80/22/22 79/433/375 42/23/23
f 310/25/25 120/74/70 121/26/26
f 76/11/11 77/13/13 43/14/14
f 42/29/23 79/428/375 311/30/29
f 83/31/30 82/250/231 44/32/31
f 44/32/31 82/250/231 87/34/33
f 85/36/35 84/33/32 44/32/31
f 323/37/36 74/20/20 88/38/37
f 91/40/39 90/43/42 46/41/40
f 90/43/42 94/338/308 93/44/43
f 95/45/44 92/42/41 46/41/40
f 95/45/44 93/44/43 47/46/45
f 93/44/43 94/338/308 97/48/47
f 97/48/47 98/328/302 96/47/46
f 100/49/48 99/64/62 48/50/49
f 102/52/51 101/511/50 48/53/49
f 106/55/53 105/249/230 104/56/54
f 108/58/56 107/444/220 49/57/55
f 109/59/57 106/55/53 49/57/55
f 112/61/59 111/512/406 50/62/60
f 99/64/62 100/49/48 113/65/61
f 115/67/63 114/505/362 51/68/64
f 51/68/64 114/505/362 119/70/66
f 117/72/68 116/69/65 51/68/64
f 319/73/69 121/26/26 120/74/70
f 327/76/71 321/506/79 123/77/72
f 126/79/74 125/288/266 52/78/73
f 126/79/74 123/77/72 53/80/75
f 124/82/77 128/419/372 318/83/78
f 318/85/78 326/507/366 129/86/80
f 133/88/81 132/121/113 131/89/82
f 391/91/84 403/336/307 102/52/51
f 395/92/85 133/88/81 54/90/83
f 136/94/86 135/353/319 55/95/87
f 55/95/87 135/353/319 140/97/89
f 138/99/91 137/96/88 55/95/87
f 142/100/92 141/103/95 56/101/93
f 141/103/95 145/375/336 144/104/96
f 146/105/97 143/102/94 56/101/93
f 148/106/98 147/111/103 57/107/99
f 150/109/101 149/108/100 57/107/99
f 147/111/103 152/386/347 151/110/102
f 376/112/104 154/225/212 58/113/105
f 134/115/107 157/139/131 398/116/108
f 392/117/109 158/120/112 59/118/110
f 160/119/111 133/88/81 59/118/110
f 132/121/113 133/88/81 160/119/111
f 2/123/115 1/358/324 161/122/114
f 3/124/116 2/123/115 160/119/111
f 159/125/117 4/128/120 396/126/118
f 162/127/119 5/502/407 4/128/120
f 163/129/121 24/418/371 25/130/122
f 397/132/124 393/136/128 164/131/123
f 165/133/125 163/129/121 164/131/123
f 400/135/127 166/134/126 164/131/123
f 168/137/129 166/134/126 400/135/127
f 157/139/131 134/115/107 169/140/132
f 159/125/117 157/139/131 167/141/133
f 170/142/134 168/137/129 390/138/130
f 134/115/107 103/503/52 171/144/136
f 174/145/137 173/351/317 172/146/138
f 404/147/139 174/145/137 170/142/134
f 172/146/138 175/149/141 168/137/129
f 177/148/140 176/150/142 175/149/141
f 166/134/126 168/137/129 175/149/141
f 176/150/142 178/152/144 165/133/125
f 180/151/143 179/154/146 178/152/144
f 163/129/121 165/133/125 178/152/144
f 179/154/146 182/159/148 181/153/145
f 184/155/147 183/161/151 182/156/148
f 6/158/149 181/153/145 182/159/148
f 183/161/151 27/164/153 26/162/150
f 185/163/152 7/166/155 27/164/153
f 185/163/152 154/225/212 28/165/154
f 376/112/104 155/169/158 29/167/156
f 155/169/158 186/173/162 19/170/159
f 202/171/160 366/471/393 187/172/161
f 188/174/163 187/172/161 362/175/164
f 337/177/166 362/508/164 365/178/167
f 189/180/165 362/509/164 337/181/166
f 190/183/170 191/189/176 333/184/171
f 248/185/172 279/454/330 333/184/171
f 350/187/174 358/455/383 193/188/175
f 349/190/177 195/459/386 196/191/178
f 355/193/180 199/196/183 198/194/181
f 338/195/182 198/194/181 199/196/183
f 377/198/185 379/476/392 364/199/186
f 355/193/180 352/464/390 200/201/188
f 205/202/189 370/453/382 368/203/190
f 348/205/192 201/416/369 375/206/193
f 354/208/195 359/461/368 344/209/196
f 204/204/191 368/203/190 363/211/198
f 373/114/106 58/113/105 203/212/199
f 343/200/187 364/199/186 367/214/201
f 153/215/202 204/204/191 203/212/199
f 369/216/203 338/195/182 340/197/184
f 153/215/202 206/218/205 205/202/189
f 207/217/204 205/202/189 206/218/205
f 210/220/207 209/233/217 208/219/206
f 153/215/202 211/222/209 210/220/207
f 212/221/208 210/220/207 211/222/209
f 214/224/211 184/155/147 213/223/210
f 153/215/202 58/113/105 214/224/211
f 185/163/152 183/161/151 184/155/147
f 154/225/212 185/163/152 214/224/211
f 180/226/143 215/228/214 212/221/208
f 179/157/146 180/226/143 213/223/210
f 216/227/213 212/221/208 215/228/214
f 177/148/140 109/59/57 110/60/58
f 176/150/142 177/148/140 215/230/214
f 217/231/215 209/233/217 216/227/213
f 110/229/58 49/237/55 218/232/216
f 209/233/217 210/220/207 212/221/208
f 89/234/218 217/231/215 218/232/216
f 107/236/220 219/235/219 218/232/216
f 323/238/36 89/234/218 219/235/219
f 322/240/222 220/9/9 73/241/223
f 324/243/224 221/244/225 220/9/9
f 304/10/10 220/9/9 221/244/225
f 328/245/226 222/18/18 221/244/225
f 117/72/68 129/86/80 223/246/227
f 104/56/54 224/247/228 223/246/227
f 225/248/229 116/69/65 117/72/68
f 105/249/230 225/248/229 224/247/228
f 83/31/30 116/69/65 225/248/229
f 87/34/33 82/250/231 225/248/229
f 45/251/232 226/252/233 217/231/215
f 226/252/233 208/219/206 209/233/217
f 229/253/234 227/254/235 226/252/233
f 227/254/235 207/217/204 208/219/206
f 230/255/236 227/254/235 229/253/234
f 244/257/238 231/260/241 230/255/236
f 232/258/239 207/217/204 227/254/235
f 233/259/240 232/258/239 230/255/236
f 331/261/242 234/267/247 197/262/243
f 338/195/182 369/216/203 233/264/240
f 40/2/2 235/460/387 347/265/245
f 331/261/242 336/449/381 61/266/246
f 349/190/177 197/262/243 234/267/247
f 361/268/248 346/477/397 236/269/249
f 345/271/251 346/477/397 361/268/248
f 62/273/253 238/276/256 356/270/250
f 334/274/254 330/291/269 237/275/255
f 241/277/257 240/450/260 334/274/254
f 243/279/259 242/284/262 240/280/260
f 228/256/237 243/279/259 241/281/257
f 335/278/258 336/449/381 244/282/238
f 246/283/261 245/287/265 242/284/262
f 229/253/234 246/283/261 243/279/259
f 52/78/73 245/287/265 246/283/261
f 229/253/234 45/251/232 122/285/263
f 72/286/264 242/284/262 245/287/265
f 125/288/266 71/5/5 245/287/265
f 239/289/267 240/280/260 242/284/262
f 66/290/268 237/275/255 330/291/269
f 72/286/264 68/4/4 247/293/271
f 249/294/272 248/365/172 247/293/271
f 250/295/273 249/294/272 68/4/4
f 30/296/274 8/368/331 250/295/273
f 70/7/7 9/298/276 30/296/274
f 251/297/275 10/302/280 9/298/276
f 252/299/277 12/519/282 11/300/278
f 10/302/280 251/297/275 253/301/279
f 254/303/281 13/403/363 12/304/282
f 15/306/283 256/385/346 255/307/284
f 257/309/286 31/311/288 17/308/285
f 143/102/94 146/105/97 258/310/287
f 255/307/284 142/100/92 143/102/94
f 258/310/287 32/313/290 31/311/288
f 259/312/289 18/316/293 32/313/290
f 138/99/91 139/98/90 33/314/291
f 18/316/293 259/312/289 138/317/91
f 260/319/294 35/520/776 33/314/291
f 140/97/89 261/331/297 260/319/294
f 36/320/295 35/521/776 260/321/294
f 261/323/297 263/325/299 262/322/296
f 265/324/298 264/326/300 263/325/299
f 161/122/114 262/322/296 263/325/299
f 264/326/300 131/89/82 132/121/113
f 408/327/301 96/47/46 98/328/302
f 140/97/89 266/354/320 265/330/298
f 402/332/304 264/337/300 265/333/298
f 98/328/302 97/48/47 268/334/305
f 403/336/307 131/510/82 264/337/300
f 268/334/305 101/511/50 102/52/51
f 94/338/308 269/340/309 268/339/305
f 100/49/48 101/51/50 268/339/305
f 94/338/308 90/43/42 270/341/310
f 113/65/61 100/49/48 269/340/309
f 90/43/42 91/40/39 271/342/311
f 112/61/59 113/63/61 270/343/310
f 85/344/35 86/500/34 394/345/312
f 409/347/314 112/61/59 271/342/311
f 86/35/34 87/34/33 273/348/315
f 404/350/139 111/512/406 112/61/59
f 173/351/317 174/145/137 272/349/316
f 105/249/230 106/55/53 273/348/315
f 106/55/53 109/59/57 173/351/317
f 405/352/318 95/45/44 96/47/46
f 135/353/319 274/357/323 266/354/320
f 92/42/41 95/45/44 405/352/318
f 135/353/319 136/94/86 275/356/322
f 91/40/39 92/42/41 401/355/321
f 136/94/86 84/33/32 85/36/35
f 1/358/324 36/320/295 262/322/296
f 186/173/162 276/360/326 20/359/325
f 187/172/161 188/174/163 276/360/326
f 21/361/327 20/359/325 276/360/326
f 188/174/163 278/363/329 277/362/328
f 189/176/165 279/522/330 278/363/329
f 249/294/272 278/367/329 279/364/330
f 342/186/173 339/292/270 247/366/271
f 250/295/273 277/369/328 278/367/329
f 8/368/331 21/513/327 277/369/328
f 137/370/88 138/317/91 259/312/289
f 146/105/97 280/371/332 259/312/289
f 281/372/333 137/370/88 280/371/332
f 144/104/96 282/373/334 280/371/332
f 284/374/335 283/377/338 281/372/333
f 145/375/336 284/374/335 282/373/334
f 285/376/337 115/410/63 283/377/338
f 286/378/339 285/376/337 284/374/335
f 288/379/340 287/400/360 285/376/337
f 289/380/341 288/379/340 286/378/339
f 145/375/336 141/103/95 290/381/342
f 291/382/343 289/380/341 290/381/342
f 141/103/95 142/100/92 292/383/344
f 293/384/345 291/382/343 292/383/344
f 142/100/92 255/307/284 256/385/346
f 152/386/347 147/111/103 291/382/343
f 22/387/348 152/386/347 293/384/345
f 256/385/346 15/306/283 16/388/349
f 37/389/350 151/110/102 152/386/347
f 150/109/101 151/110/102 37/389/350
f 294/391/352 150/109/101 38/390/351
f 39/392/353 23/514/728 295/393/354
f 296/394/355 149/108/100 150/109/101
f 297/395/356 296/394/355 294/391/352
f 299/396/357 298/399/359 297/395/356
f 301/397/358 300/401/361 296/394/355
f 119/398/66 301/397/358 297/395/356
f 287/400/360 288/379/340 300/401/361
f 114/402/362 287/400/360 301/397/358
f 149/108/100 296/394/355 300/401/361
f 288/379/340 289/380/341 148/106/98
f 13/403/363 254/303/281 299/404/357
f 295/393/354 23/514/728 14/406/364
f 254/303/281 302/408/365 298/407/359
f 252/305/277 127/409/76 302/408/365
f 119/70/66 298/407/359 302/408/365
f 127/409/76 53/87/75 118/71/67
f 147/111/103 148/106/98 289/380/341
f 115/410/63 285/376/337 287/400/360
f 115/67/63 116/69/65 83/31/30
f 83/31/30 84/33/32 281/412/333
f 136/94/86 137/96/88 281/412/333
f 326/413/366 130/436/379 222/18/18
f 127/81/76 252/299/277 253/301/279
f 251/297/275 125/288/266 126/79/74
f 71/5/5 125/288/266 251/297/275
f 350/187/174 354/208/195 303/210/197
f 359/415/368 67/452/370 201/416/369
f 332/182/169 337/181/166 67/417/370
f 24/418/371 163/129/121 181/153/145
f 172/146/138 173/351/317 109/59/57
f 117/72/68 118/71/67 53/87/75
f 311/30/29 312/423/373 128/419/372
f 88/420/37 121/26/26 319/73/69
f 81/422/28 43/14/14 314/16/16
f 171/424/136 103/54/52 48/53/49
f 50/426/60 111/515/406 171/424/136
f 313/8/8 305/440/377 308/427/374
f 79/428/375 81/422/28 312/423/373
f 75/429/376 76/11/11 80/22/22
f 308/432/374 305/430/377 80/22/22
f 80/22/22 78/24/24 309/431/378
f 80/22/22 76/11/11 81/28/28
f 309/434/378 78/438/24 316/27/27
f 317/435/19 316/27/27 121/26/26
f 74/20/20 73/241/223 313/8/8
f 312/423/373 314/16/16 130/436/379
f 304/10/10 307/17/17 41/12/12
f 310/25/25 311/30/29 124/82/77
f 42/29/23 310/25/25 316/27/27
f 309/439/378 317/19/19 306/21/21
f 41/12/12 307/17/17 315/15/15
f 130/436/379 314/16/16 315/15/15
f 313/8/8 304/10/10 75/437/376
f 325/441/38 319/517/69 122/285/263
f 129/86/80 326/507/366 328/442/226
f 108/58/56 223/246/227 328/442/226
f 107/444/220 108/58/56 324/443/224
f 107/236/220 322/516/222 320/239/221
f 73/241/223 74/20/20 323/37/36
f 128/419/372 130/436/379 326/413/366
f 123/77/72 321/506/79 318/446/78
f 120/74/70 124/82/77 321/84/79
f 122/285/263 319/517/69 327/76/71
f 89/234/218 323/238/36 325/441/38
f 380/447/380 366/471/393 202/171/160
f 193/188/175 66/290/268 339/292/270
f 339/292/270 330/291/269 239/448/267
f 62/273/253 61/266/246 336/449/381
f 335/278/258 334/274/254 238/276/256
f 240/450/260 239/448/267 330/291/269
f 231/451/241 244/282/238 336/449/381
f 198/194/181 338/195/182 329/263/244
f 231/451/241 331/261/242 329/263/244
f 67/452/370 337/177/166 341/179/168
f 375/206/193 377/198/185 343/200/187
f 343/200/187 340/197/184 199/196/183
f 370/453/382 205/202/189 207/217/204
f 342/186/173 333/184/171 191/189/176
f 332/182/169 333/184/171 279/454/330
f 358/455/383 194/465/391 345/271/251
f 193/188/175 358/455/383 360/272/252
f 344/456/196 359/415/368 348/205/192
f 191/189/176 190/183/170 354/208/195
f 357/1/1 356/270/250 236/269/249
f 66/290/268 360/272/252 361/268/248
f 237/275/255 361/268/248 356/270/250
f 195/459/386 349/190/177 347/265/245
f 351/3/3 347/265/245 234/267/247
f 190/183/170 67/417/370 359/461/368
f 65/457/384 348/205/192 378/207/194
f 63/463/389 64/475/396 352/464/390
f 63/463/389 355/193/180 353/192/179
f 197/262/243 349/190/177 353/192/179
f 194/465/391 358/455/383 350/187/174
f 61/266/246 62/273/253 357/1/1
f 369/466/203 370/453/382 232/258/239
f 370/453/382 369/466/203 367/467/201
f 365/468/167 366/471/393 380/447/380
f 363/211/198 368/203/190 367/467/201
f 362/175/164 187/172/161 366/471/393
f 156/472/394 202/171/160 186/173/162
f 40/2/2 60/458/385 381/473/395
f 379/469/392 380/447/380 363/211/198
f 64/475/396 371/462/388 378/207/194
f 201/416/369 341/179/168 377/198/185
f 363/211/198 380/447/380 372/213/200
f 156/472/394 373/114/106 372/213/200
f 352/464/390 378/207/194 375/206/193
f 341/179/168 365/178/167 379/476/392
f 154/225/212 376/112/104 374/168/157
f 155/169/158 376/112/104 373/114/106
f 346/477/397 345/271/251 194/478/391
f 236/269/249 346/477/397 383/479/398
f 60/458/385 236/269/249 382/480/399
f 383/479/398 194/478/391 192/481/367
f 387/483/401 196/492/178 195/484/386
f 382/480/399 383/479/398 384/482/400
f 381/473/395 382/480/399 385/486/403
f 235/474/387 381/473/395 386/485/402
f 389/487/404 303/490/197 344/488/196
f 389/487/404 384/482/400 192/481/367
f 64/491/396 63/518/389 196/492/178
f 389/487/404 388/493/405 385/486/403
f 65/489/384 371/494/388 388/493/405
f 371/494/388 64/491/396 387/483/401
f 388/493/405 387/483/401 386/485/402
f 406/346/313 401/355/321 275/495/322
f 401/355/321 405/352/318 274/496/323
f 274/496/323 405/352/318 408/327/301
f 174/498/137 404/350/139 409/347/314
f 272/499/316 409/347/314 394/345/312
f 91/40/39 406/346/313 394/345/312
f 403/336/307 402/332/304 267/335/306
f 267/335/306 402/332/304 399/329/303
f 266/497/320 408/327/301 399/329/303
f 111/501/406 404/147/139 407/143/135
f 407/143/135 390/138/130 169/140/132
f 390/138/130 400/135/127 167/141/133
f 167/141/133 400/135/127 393/136/128
f 5/502/407 162/127/119 393/136/128
f 158/120/112 392/117/109 396/126/118
f 159/125/117 392/117/109 398/116/108
f 395/92/85 398/116/108 59/118/110
f 134/115/107 395/92/85 391/93/84
f 54/504/83 131/510/82 403/336/307
f 410/2/408 430/458/755 727/1/409
f 441/5/411 442/286/668 438/4/412
f 683/8/415 674/10/629 590/9/416
f 411/12/418 445/429/745 446/11/419
f 685/15/421 447/13/420 413/14/422
f 677/17/424 685/15/421 592/18/425
f 444/20/427 458/38/446 687/19/428
f 412/23/430 449/433/744 450/22/431
f 680/25/433 686/27/747 491/26/434
f 413/14/422 447/13/420 446/11/419
f 681/30/437 449/428/744 412/29/430
f 414/32/438 452/250/442 453/31/439
f 414/32/438 456/35/444 457/34/441
f 414/32/438 454/33/440 455/36/443
f 693/37/445 695/39/741 458/38/446
f 416/41/447 460/43/450 461/40/448
f 460/43/450 416/41/447 463/44/451
f 416/41/447 462/42/449 465/45/453
f 417/46/454 463/44/451 465/45/453
f 463/44/451 417/46/454 467/48/456
f 467/48/456 417/46/454 466/47/455
f 418/50/458 469/64/473 470/49/459
f 418/53/458 471/511/460 472/52/461
f 476/55/463 419/57/466 474/56/464
f 419/57/466 477/444/625 478/58/467
f 419/57/466 476/55/463 479/59/468
f 420/62/470 481/512/702 482/61/471
f 469/64/473 420/66/470 483/65/472
f 421/68/474 484/505/478 485/67/475
f 421/68/474 488/71/480 489/70/477
f 421/68/474 486/69/476 487/72/479
f 689/73/481 697/75/482 490/74/435
f 697/76/482 422/78/485 493/77/483
f 422/78/485 495/288/669 496/79/486
f 423/80/487 493/77/483 496/79/486
f 688/83/489 498/419/740 494/82/490
f 688/85/489 423/87/487 499/86/491
f 503/88/493 424/90/498 501/89/494
f 760/91/496 473/54/462 472/52/461
f 424/90/498 503/88/493 764/92/499
f 425/95/500 505/353/504 506/94/501
f 425/95/500 509/98/506 510/97/503
f 425/95/500 507/96/502 508/99/505
f 426/101/507 511/103/510 512/100/508
f 511/103/510 426/101/507 514/104/511
f 426/101/507 513/102/509 516/105/513
f 427/107/514 517/111/519 518/106/515
f 427/107/514 519/108/516 520/109/517
f 517/111/519 427/107/514 521/110/518
f 428/113/521 524/225/618 745/112/522
f 765/116/524 527/139/541 504/115/525
f 429/118/526 528/120/529 761/117/527
f 429/118/526 503/88/493 530/119/528
f 530/119/528 503/88/493 502/121/495
f 2/123/115 530/119/528 531/122/530
f 530/119/528 2/123/115 3/124/116
f 396/126/118 4/128/120 529/125/531
f 4/128/120 5/502/407 532/127/532
f 25/130/122 24/418/371 533/129/533
f 397/132/124 25/130/122 534/131/534
f 534/131/534 533/129/533 535/133/536
f 534/131/534 536/134/537 767/135/538
f 767/135/538 536/134/537 538/137/539
f 527/139/541 537/141/543 539/140/542
f 537/141/543 527/139/541 529/125/531
f 759/138/540 538/137/539 540/142/544
f 504/115/525 539/140/542 541/144/546
f 544/145/547 540/142/544 542/146/548
f 540/142/544 544/145/547 771/147/550
f 542/146/548 540/142/544 538/137/539
f 545/149/551 546/150/553 547/148/552
f 545/149/551 538/137/539 536/134/537
f 546/150/553 545/149/551 535/133/536
f 548/152/554 549/154/557 550/151/555
f 548/152/554 535/133/536 533/129/533
f 549/154/557 548/152/554 551/153/556
f 552/156/558 553/161/560 554/155/559
f 552/159/558 551/153/556 6/158/149
f 553/161/560 552/156/558 26/162/150
f 27/164/153 7/166/155 555/163/561
f 28/165/154 524/225/618 555/163/561
f 745/112/522 374/168/157 29/167/156
f 525/169/562 29/167/156 19/170/159
f 572/171/564 556/173/563 557/172/565
f 732/175/567 557/172/565 558/174/568
f 707/177/570 711/179/752 735/178/571
f 559/180/569 702/182/574 707/181/570
f 703/184/572 561/189/753 560/183/573
f 703/184/572 649/454/711 618/185/575
f 720/187/577 561/189/753 563/188/578
f 566/191/580 565/459/756 719/190/581
f 725/193/583 723/192/582 568/194/584
f 569/196/585 568/194/584 708/195/586
f 746/198/588 713/200/605 734/199/589
f 725/193/583 569/196/585 570/201/591
f 575/202/593 574/204/602 738/203/594
f 744/206/596 571/416/738 718/205/597
f 724/208/599 673/210/737 714/209/600
f 574/204/602 573/212/604 733/211/603
f 743/114/523 742/213/750 573/212/604
f 713/200/605 710/197/587 737/214/606
f 573/212/604 574/204/602 523/215/607
f 710/197/587 708/195/586 739/216/608
f 523/215/607 574/204/602 575/202/593
f 576/218/609 575/202/593 577/217/610
f 580/220/612 576/218/609 578/219/611
f 523/215/607 576/218/609 580/220/612
f 581/222/614 580/220/612 582/221/615
f 584/224/617 581/222/614 583/223/616
f 523/215/607 581/222/614 584/224/617
f 555/163/561 584/224/617 554/155/559
f 584/224/617 555/163/561 524/225/618
f 550/226/555 583/223/616 582/221/615
f 583/223/616 550/226/555 549/157/557
f 585/228/619 582/221/615 586/227/620
f 547/148/552 585/230/619 480/60/469
f 585/230/619 547/148/552 546/150/553
f 586/227/620 579/233/613 587/231/621
f 480/229/469 586/227/620 588/232/622
f 579/233/613 586/227/620 582/221/615
f 588/232/622 587/231/621 459/234/623
f 588/232/622 589/235/624 477/236/625
f 589/235/624 459/234/623 693/238/445
f 692/240/627 690/242/626 443/241/417
f 590/9/416 591/244/426 694/243/628
f 674/10/629 677/17/424 591/244/426
f 591/244/426 592/18/425 698/245/630
f 593/246/631 499/86/491 487/72/479
f 593/246/631 594/247/632 474/56/464
f 595/248/633 594/247/632 487/72/479
f 594/247/632 595/248/633 475/249/465
f 595/248/633 486/69/476 453/31/439
f 595/248/633 452/250/442 457/34/441
f 587/231/621 596/252/635 415/251/634
f 596/252/635 587/231/621 579/233/613
f 596/252/635 597/254/637 599/253/636
f 597/254/637 596/252/635 578/219/611
f 599/253/636 597/254/637 600/255/638
f 600/255/638 601/260/643 614/257/640
f 602/258/641 600/255/638 597/254/637
f 600/255/638 602/258/641 603/259/642
f 701/261/644 699/263/647 567/262/645
f 603/264/642 739/216/608 708/195/586
f 717/265/648 605/460/757 410/2/408
f 701/261/644 604/267/646 431/266/649
f 604/267/646 567/262/645 719/190/581
f 606/269/651 716/477/765 731/268/652
f 731/268/652 716/477/765 715/271/654
f 726/270/653 608/276/751 432/273/656
f 704/274/657 608/276/751 607/275/658
f 704/274/657 610/450/663 611/277/660
f 613/279/662 611/281/660 610/280/663
f 611/281/660 613/279/662 598/256/639
f 705/278/661 611/277/660 614/282/640
f 616/283/665 613/279/662 612/284/664
f 613/279/662 616/283/665 599/253/636
f 616/283/665 615/287/666 422/78/485
f 599/253/636 616/283/665 492/285/667
f 615/287/666 612/284/664 442/286/668
f 615/287/666 441/5/411 495/288/669
f 612/284/664 610/280/663 609/289/670
f 700/291/659 607/275/658 436/290/671
f 442/286/668 609/289/670 617/293/673
f 619/294/674 438/4/412 617/293/673
f 438/4/412 619/294/674 620/295/675
f 30/296/274 439/6/413 620/295/675
f 30/296/274 9/298/276 440/7/414
f 9/298/276 10/302/280 621/297/676
f 11/300/278 12/519/282 622/299/677
f 10/302/280 11/300/278 623/301/678
f 12/304/282 13/403/363 624/303/679
f 15/306/283 17/308/285 625/307/680
f 17/308/285 31/311/288 627/309/682
f 513/102/509 627/309/682 628/310/683
f 625/307/680 627/309/682 513/102/509
f 628/310/683 627/309/682 31/311/288
f 32/313/290 18/316/293 629/312/684
f 508/99/505 34/315/292 33/314/291
f 18/316/293 34/318/292 508/317/505
f 33/314/291 35/520/776 630/319/685
f 630/319/685 631/331/687 510/97/503
f 630/321/685 35/521/776 36/320/295
f 631/323/687 630/321/685 632/322/686
f 633/325/688 634/326/690 635/324/689
f 633/325/688 632/322/686 531/122/530
f 634/326/690 633/325/688 502/121/495
f 775/327/691 766/329/693 468/328/457
f 635/330/689 636/354/705 510/97/503
f 635/333/689 634/337/690 769/332/692
f 468/328/457 637/335/775 638/334/694
f 770/336/497 769/332/692 634/337/690
f 638/334/694 637/335/775 472/52/461
f 638/339/694 639/340/695 464/338/452
f 638/339/694 471/51/460 470/49/459
f 464/338/452 639/340/695 640/341/696
f 639/340/695 470/49/459 483/65/472
f 460/43/450 640/343/696 641/342/697
f 640/343/696 483/63/472 482/61/471
f 763/345/698 456/500/444 455/344/443
f 641/342/697 482/61/471 776/347/700
f 456/35/444 642/349/703 643/348/701
f 771/350/550 776/347/700 482/61/471
f 642/349/703 544/145/547 543/351/549
f 643/348/701 476/55/463 475/249/465
f 476/55/463 643/348/701 543/351/549
f 772/352/704 775/327/691 466/47/455
f 636/354/705 644/357/774 505/353/504
f 772/352/704 465/45/453 462/42/449
f 505/353/504 644/357/774 645/356/707
f 768/355/706 462/42/449 461/40/448
f 506/94/501 645/356/707 455/36/443
f 632/322/686 36/320/295 1/358/324
f 556/173/563 19/170/159 20/359/325
f 646/360/708 558/174/568 557/172/565
f 646/360/708 20/359/325 21/361/327
f 558/174/568 646/360/708 647/362/709
f 648/363/710 649/522/711 559/176/569
f 649/364/711 648/367/710 619/294/674
f 712/186/576 618/185/575 617/366/673
f 620/295/675 619/294/674 648/367/710
f 8/368/331 620/295/675 647/369/709
f 629/312/684 508/317/505 507/370/502
f 629/312/684 650/371/712 516/105/513
f 650/371/712 507/370/502 651/372/713
f 650/371/712 652/373/714 514/104/511
f 654/374/715 652/373/714 651/372/713
f 652/373/714 654/374/715 515/375/512
f 655/376/717 654/374/715 653/377/716
f 654/374/715 655/376/717 656/378/718
f 658/379/719 656/378/718 655/376/717
f 656/378/718 658/379/719 659/380/721
f 515/375/512 656/378/718 660/381/722
f 660/381/722 659/380/721 661/382/723
f 511/103/510 660/381/722 662/383/724
f 662/383/724 661/382/723 663/384/725
f 512/100/508 662/383/724 626/385/681
f 522/386/520 663/384/725 661/382/723
f 663/384/725 522/386/520 22/387/348
f 626/385/681 663/384/725 16/388/349
f 37/389/350 22/387/348 522/386/520
f 37/389/350 521/110/518 520/109/517
f 38/390/351 520/109/517 664/391/726
f 39/392/353 664/391/726 665/393/727
f 666/394/729 664/391/726 520/109/517
f 664/391/726 666/394/729 667/395/730
f 667/395/730 668/399/734 669/396/731
f 671/397/732 667/395/730 666/394/729
f 667/395/730 671/397/732 489/398/477
f 657/400/720 671/397/732 670/401/733
f 671/397/732 657/400/720 484/402/478
f 670/401/733 666/394/729 519/108/516
f 658/379/719 670/401/733 518/106/515
f 669/404/731 624/303/679 13/403/363
f 665/393/727 669/396/731 14/406/364
f 624/303/679 669/404/731 668/407/734
f 672/408/735 497/409/488 622/305/677
f 672/408/735 668/407/734 489/70/477
f 497/409/488 672/408/735 488/71/480
f 517/111/519 661/382/723 659/380/721
f 657/400/720 655/376/717 485/410/475
f 485/67/475 653/411/716 453/31/439
f 453/31/439 653/411/716 651/412/713
f 651/412/713 507/96/502 506/94/501
f 696/413/492 698/245/630 592/18/425
f 623/301/678 622/299/677 497/81/488
f 621/297/676 623/301/678 496/79/486
f 621/297/676 495/288/669 441/5/411
f 720/187/577 562/414/762 673/210/737
f 571/416/738 437/452/739 729/415/601
f 702/182/574 560/183/573 437/417/739
f 24/418/371 6/158/149 551/153/556
f 542/146/548 547/148/552 479/59/468
f 487/72/479 499/86/491 423/87/487
f 498/419/740 682/423/742 681/30/437
f 689/73/481 491/26/434 458/420/446
f 684/16/423 413/14/422 451/422/436
f 541/424/546 469/425/473 418/53/458
f 420/426/470 469/425/473 541/424/546
f 678/427/743 675/440/748 683/8/415
f 682/423/742 451/422/436 449/428/744
f 445/429/745 675/430/748 450/22/431
f 450/22/431 675/430/748 678/432/743
f 678/432/743 679/431/746 450/22/431
f 451/28/436 446/11/419 450/22/431
f 679/434/746 687/435/428 686/27/747
f 687/435/428 458/420/446 491/26/434
f 444/20/427 676/21/429 683/8/415
f 500/436/736 684/16/423 682/423/742
f 411/12/418 677/17/424 674/10/629
f 494/82/490 681/30/437 680/25/433
f 412/29/430 448/438/432 686/27/747
f 676/21/429 687/19/428 679/439/746
f 411/12/418 447/13/420 685/15/421
f 500/436/736 592/18/425 685/15/421
f 445/437/745 674/10/629 683/8/415
f 492/285/667 689/517/481 695/441/741
f 499/86/491 593/246/631 698/442/630
f 478/58/467 694/443/628 698/442/630
f 477/444/625 692/445/627 694/443/628
f 477/236/625 589/235/624 690/239/626
f 443/241/417 690/242/626 693/37/445
f 498/419/740 688/83/489 696/413/492
f 493/77/483 423/80/487 688/446/489
f 490/74/435 697/75/482 691/84/484
f 492/285/667 422/78/485 697/76/482
f 459/234/623 415/251/634 695/441/741
f 572/171/564 736/471/566 749/447/749
f 563/188/578 712/186/576 709/292/672
f 609/448/670 700/291/659 709/292/672
f 432/273/656 705/278/661 706/449/650
f 608/276/751 704/274/657 705/278/661
f 610/450/663 704/274/657 700/291/659
f 601/451/643 701/261/644 706/449/650
f 699/263/647 708/195/586 568/194/584
f 601/451/643 603/264/642 699/263/647
f 437/452/739 571/416/738 711/179/752
f 744/206/596 570/201/591 713/200/605
f 569/196/585 710/197/587 713/200/605
f 577/217/610 575/202/593 740/453/595
f 561/189/753 703/184/572 712/186/576
f 649/454/711 703/184/572 702/182/574
f 715/271/654 564/465/761 728/455/579
f 730/272/655 728/455/579 563/188/578
f 718/205/597 729/415/601 714/456/600
f 561/189/753 720/187/577 724/208/599
f 606/269/651 726/270/653 727/1/409
f 436/290/671 607/275/658 731/268/652
f 726/270/653 731/268/652 607/275/658
f 717/265/648 719/190/581 565/459/756
f 604/267/646 717/265/648 721/3/410
f 560/183/573 724/208/599 729/461/601
f 747/207/598 718/205/597 435/457/754
f 433/463/759 725/193/583 722/464/592
f 433/463/759 566/191/580 723/192/582
f 723/192/582 719/190/581 567/262/645
f 720/187/577 728/455/579 564/465/761
f 431/266/649 721/3/410 727/1/409
f 739/466/608 603/259/642 602/258/641
f 737/467/606 739/466/608 740/453/595
f 749/447/749 736/471/566 735/468/571
f 733/211/603 734/470/589 737/467/606
f 736/471/566 557/172/565 732/175/567
f 556/173/563 572/171/564 526/472/763
f 750/473/764 430/458/755 410/2/408
f 733/211/603 749/447/749 748/469/590
f 434/475/760 722/464/592 747/207/598
f 571/416/738 744/206/596 746/198/588
f 742/213/750 749/447/749 733/211/603
f 526/472/763 572/171/564 742/213/750
f 722/464/592 570/201/591 744/206/596
f 711/179/752 746/198/588 748/476/590
f 524/225/618 28/165/154 374/168/157
f 743/114/523 745/112/522 525/169/562
f 716/477/765 752/479/766 564/478/761
f 752/479/766 716/477/765 606/269/651
f 751/480/767 606/269/651 430/458/755
f 562/481/762 564/478/761 752/479/766
f 756/483/769 755/485/771 565/484/756
f 753/482/768 752/479/766 751/480/767
f 750/473/764 755/485/771 754/486/770
f 605/474/757 565/484/756 755/485/771
f 714/488/600 673/490/737 758/487/772
f 562/481/762 753/482/768 758/487/772
f 434/491/760 756/483/769 566/492/580
f 758/487/772 753/482/768 754/486/770
f 435/489/754 758/487/772 757/493/773
f 741/494/758 757/493/773 756/483/769
f 757/493/773 754/486/770 755/485/771
f 645/495/707 768/355/706 773/346/699
f 644/496/774 772/352/704 768/355/706
f 644/496/774 636/497/705 775/327/691
f 544/498/547 642/499/703 776/347/700
f 763/345/698 776/347/700 642/499/703
f 461/40/448 641/342/697 763/345/698
f 637/335/775 769/332/692 770/336/497
f 766/329/693 769/332/692 637/335/775
f 636/497/705 635/333/689 766/329/693
f 774/143/545 771/147/550 481/501/702
f 539/140/542 759/138/540 774/143/545
f 537/141/543 767/135/538 759/138/540
f 762/136/535 767/135/538 537/141/543
f 5/502/407 397/132/124 762/136/535
f 528/120/529 3/124/116 396/126/118
f 765/116/524 761/117/527 529/125/531
f 429/118/526 765/116/524 764/92/499
f 760/93/496 764/92/499 504/115/525
f 424/504/498 760/91/496 770/336/497
